Rank	Ragione sociale	Partita IVA	P.IVA valida	Codice fiscale	CCIAA	N. REA	Forma giuridica	Indirizzo sede legale	CAP	Comune	Prov.	Regione	Capitale sociale (€)	ATECO	Attività (ATECO)	Settore	Data iscrizione	Stato attività	Fatturato (€)	Anno bilancio	Dipendenti	PEC	VIES	Denominazione VIES	Indirizzo VIES	Fonte dati anagrafici	Fonte classifica
1	GESTORE DEI MERCATI ENERGETICI S.P.A.	06208031002	SI	06208031002	RM	953866	SOCIETA' PER AZIONI	Viale Maresciallo Pilsudski 122/124	00197	Roma	RM	Lazio	7500000	35.15	Commercio di energia elettrica	Energia	21/12/2000	Attiva	40503424400	2024	123	gme@pec.mercatoelettrico.org	SI	GESTORE DEI MERCATI ENERGETICI SPA !!GME SPA	VIALE MARESCIALLO PILSUDSKI 122/124, 00197 ROMA RM	https://www.aziende.it/gestore-dei-mercati-energetici-s-p-a	monitoraitalia.it
2	ENI TRADE & BIOFUELS S.P.A.	10133500966	SI	10133500966	RM	1609163	SOCIETA' PER AZIONI	Piazzale Enrico Mattei 1	00144	Roma	RM	Lazio	22568759	46.81	Commercio all'ingrosso di combustibili solidi, liquidi, gassosi e di prodotti derivati	Petrolchimica	01/01/2021	Attiva	36110164600	2024	93	enitradeandbiofuels@pec.eni.com	SI	ENI TRADE & BIOFUELS S.P.A.	PIAZZALE ENRICO MATTEI 1, 00144 ROMA RM	https://www.aziende.it/eni-trade-biofuels-s-p-a	monitoraitalia.it
3	ENI S.P.A.	00905811006	SI	00484960588	RM	756453	SOCIETA' PER AZIONI	Piazzale Enrico Mattei 1	00144	Roma	RM	Lazio	4005358876	19.20.1	FABBRICAZIONE DI COKE E PRODOTTI DERIVANTI DALLA RAFFINAZIONE DEL PETROLIO	Petrolchimica	07/08/1992	Attiva	35026371500	2024	11458	eni@pec.eni.com	SI	ENI SPA	PIAZZALE ENRICO MATTEI 1 00144 ROMA RM	https://www.aziende.it/eni-s-p-a	monitoraitalia.it
4	ENEL ENERGIA S.P.A.	06655971007	SI	06655971007		1150724	SOCIETA' PER AZIONI	VIA LUIGI BOCCHERINI 15	00198	ROMA	RM	Lazio	10000000	3515		Energia	31/12/2006	Attiva	23177386200	2024			NO			https://www.aziende.it/enel-energia-s-p-a	monitoraitalia.it
5	STELLANTIS EUROPE S.P.A.	07973780013	SI	07973780013		934697	SOCIETA' PER AZIONI	CORSO GIOVANNI AGNELLI 200	10135	TORINO	TO	Piemonte	850000000	291		Manifatturiero	01/06/2000	Attiva	21323834600	2024			SI	STELLANTIS EUROPE S.P.A.	CORSO AGNELLI 200 10135 TORINO TO	https://www.aziende.it/stellantis-europe-s-p-a	monitoraitalia.it
6	INTESA SANPAOLO S.P.A.	10810700152	SI	00799960158		947156	SOCIETA' PER AZIONI	PIAZZA SAN CARLO 156	10121	TORINO	TO	Piemonte	11173747136.08	64191		Finanza	01/01/1998	Attiva	17310000000	2024			NO			https://www.aziende.it/intesa-sanpaolo-s-p-a	monitoraitalia.it
7	UNICREDIT S.P.A.	00348170101	SI	00348170101	MI	992	SOCIETA' PER AZIONI	Piazza Gae Aulenti 3	20154	Milano	MI	Lombardia	21509089303	64.19.1	Intermediazione monetaria di istituti monetari diverse dalle Banche centrali	Finanza	27/04/1870	Attiva	16769000000	2024	36615	comunicazioni@pec.unicredit.eu	SI	UNICREDIT S.P.A.	PIAZZA GAE AULENTI 3 20154 MILANO MI	https://www.aziende.it/unicredit-s-p-a	monitoraitalia.it
8	KUWAIT PETROLEUM ITALIA S.P.A.	00891951006	SI	00435970587	RM	73832	Società per Azioni	Viale Oceano Indiano 13	00144	Roma	RM	Lazio	130000000	19.20.1	Raffinerie di petrolio	Petrolchimica	25/06/2001	Attiva	15424972300	2024	726	kupitsede@pec.q8.it	SI	KUWAIT PETROLEUM ITALIA S.P.A.	VIALE OCEANO INDIANO 13 00144 ROMA RM	https://www.aziende.it/kuwait-petroleum-italia-s-p-a	monitoraitalia.it
9	ENEL GLOBAL TRADING S.P.A.	05918271007	SI	05918271007		936646	SOCIETA' PER AZIONI	VIALE REGINA MARGHERITA 125	00198	ROMA	RM	Lazio	90885000	4681		Energia	30/12/1999		14481514000	2024			NO			https://www.aziende.it/enel-global-trading-s-p-a	monitoraitalia.it
10	GESTORE DEI SERVIZI ENERGETICI - GSE S.P.A.	05754381001	SI	05754381001	RM	918934	SOCIETA' PER AZIONI	Viale Maresciallo Pilsudski 92	00197	Roma	RM	Lazio	26000000	35.13	Distribuzione di energia elettrica	Energia	02/08/1999	Attiva	14403059100	2024	724	gsespa@pec.gse.it	SI	GESTORE DEI SERVIZI ENERGETICI - GSE SPA	VIALE MARESCIALLO PILSUDSKI 92 00197 ROMA RM	https://www.aziende.it/gestore-dei-servizi-energetici-gse-s-p-a	monitoraitalia.it
11	ENILIVE S.P.A.	11403240960	SI	11403240960	RM	1676444	SOCIETA' PER AZIONI	Viale Giorgio Ribotta 51	00144	Roma	RM	Lazio	337098184	46.81	Commercio all'ingrosso di combustibili solidi, liquidi, gassosi e di prodotti derivati	Petrolchimica	12/12/2022	Attiva	13162232500	2024	1492	enilive@pec.enilive.com	SI	ENILIVE S.P.A.	VIALE GIORGIO RIBOTTA 51 00144 ROMA RM	https://www.aziende.it/enilive-s-p-a	monitoraitalia.it
12	EDISON S.P.A.	08263330014	SI	06722600019	MI	1698754	Società per Azioni	Foro Buonaparte 31	20121	Milano	MI	Lombardia	4736117250	82.1	ATTIVITÀ DI SUPPORTO PER LE FUNZIONI D'UFFICIO	Energia	04/11/2002	Attiva	12720885100	2024	1748	edison@pec.edison.it	SI	EDISON SPA	FORO BUONAPARTE 31 20121 MILANO MI	https://www.aziende.it/edison-s-p-a	monitoraitalia.it
13	UNIPOLSAI ASSICURAZIONI S.P.A.	00818570012	SI	00818570012		511469	SOCIETA' PER AZIONI	VIA STALINGRADO 45	40128	BOLOGNA	BO	Emilia-Romagna	2031456338	651		Finanza	31/12/2002	Attiva	12441100000	2024			NO			https://www.aziende.it/unipolsai-assicurazioni-s-p-a	monitoraitalia.it
14	ESE S.R.L.	17112421007	SI	17112421007	RM	1696571	Società a Responsabilità Limitata	Via Salaria 1322	00138	Roma	RM	Lazio	1010000	19.20.1	Fabbricazione di coke e prodotti derivanti dalla raffinazione del petrolio	Petrolchimica	01/10/2023	Attiva	11327055400	2024	88	ese_srl@legalmail.it	SI	ESE S.R.L.	VIA SALARIA 1322 00138 ROMA RM	https://www.aziende.it/ese-srl	monitoraitalia.it
15	LEONARDO SOCIETA' PER AZIONI	00881841001	SI	00401990585	RM	7031	SOCIETA' PER AZIONI	Piazza Monte Grappa 4	00195	Roma	RM	Lazio	2543861738	30.3	FABBRICAZIONE DI AEROMOBILI, DI VEICOLI SPAZIALI E DEI RELATIVI DISPOSITIVI	Manifatturiero	20/02/1993	Attiva	10964527000	2024	33430	leonardo@pec.leonardo.com	SI	LEONARDO SOCIETA' PER AZIONI	PIAZZA MONTE GRAPPA 4 00195 ROMA RM	https://www.aziende.it/leonardo-societa-per-azioni	monitoraitalia.it
16	POSTE ITALIANE - SOCIETA' PER AZIONI	01114601006	SI	97103880585		842633	SOCIETA' PER AZIONI	Viale Europa 190	00144	Roma	RM	Lazio	1306110000	53.1	SERVIZI POSTALI E ATTIVITÀ DI CORRIERE	Trasporti	01/01/1997	Attivo	10503829500	2024			SI	POSTE ITALIANE SPA !!SPA	VIALE EUROPA 190 00144 ROMA RM	https://www.aziende.it/poste-italiane-societa-per-azioni	monitoraitalia.it
17	SARAS S.P.A.	00136440922	SI	00136440922		49540	SOCIETA' PER AZIONI		09018	SARROCH	CA	Sardegna	67784444	19201		Petrolchimica	24/05/1962	Attiva	9614379000	2024			NO			https://www.aziende.it/saras-s-p-a	monitoraitalia.it
18	TELECOM ITALIA S.P.A. O TIM S.P.A.	00488410010	SI	00488410010		1580695	SOCIETA' PER AZIONI	VIA GAETANO NEGRI 1	20123	MILANO	MI	Lombardia	6109291512	61		Telecomunicazioni	04/08/2003	Attiva	9218214400	2024			SI	TIM S.P.A.	VIA GAETANO NEGRI 1 20123 MILANO MI	https://www.aziende.it/telecom-italia-spa	monitoraitalia.it
19	ESSELUNGA S.P.A.	04916380159	SI	01255720169	MI	1063068	SOCIETA' PER AZIONI	Via Vittor Pisani 20	20124	Milano	MI	Lombardia	100000000	47.11.02	Commercio al dettaglio non specializzato con prevalenza di altri prodotti alimentari, bevande o tabacchi	Commercio	31/12/1980	Attiva	9112444400	2024	27548	esselunga@legalmail.it	SI	ESSELUNGA SPA	VIA VITTOR PISANI 20 20124 MILANO MI	https://www.aziende.it/esselunga-spa	monitoraitalia.it
20	A2A S.P.A.	11957540153	SI	11957540153	BS	493995	SOCIETA' PER AZIONI	Via Alessandro Lamarmora 230	25124	Brescia	BS	Lombardia	1629110744	35.15	Commercio di energia elettrica	Energia	22/10/1996	Attiva	8700014400	2024	2118	a2a@pec.a2a.eu	SI	A2A S.P.A.	VIA LAMARMORA 230 25124 BRESCIA BS	https://www.aziende.it/a2a-s-p-a	monitoraitalia.it
21	E-DISTRIBUZIONE S.P.A.	05779711000	SI	05779711000		922436	SOCIETA' PER AZIONI CON SOCIO UNICO	VIA DOMENICO CIMAROSA 4	00198	ROMA	RM	Lazio	2600000000	3514		Energia	01/10/1999	Attiva	7990967800	2024			NO			https://www.aziende.it/e-distribuzione-s-p-a	monitoraitalia.it
22	VOLKSWAGEN GROUP ITALIA S.P.A.	01779120235	SI	07649360158		195899	SOCIETA' PER AZIONI	Viale Gerard Richard Gumpert 1	37137	Verona	VR	Veneto	46480500	46711		Manifatturiero	20/11/1985	Attiva	7699713100	2024			SI	VOLKSWAGEN GROUP ITALIA SOCIETA' PER AZIONI (OPPURE - IN FOR	VIALE GERARD RICHARD GUMPERT 1 37137 VERONA VR	https://www.aziende.it/volkswagen-group-italia-s-p-a	monitoraitalia.it
23	ENGIE ITALIA S.P.A.	06289781004	SI	06289781004	MI	1817090	SOCIETA' PER AZIONI	Via Chiese 72	20126	Milano	MI	Lombardia	47460583	71.12.1	Attività degli studi di ingegneria	Energia	26/09/2000	Attiva	7500614400	2024	667	engieitalia@legalmail.it	SI	ENGIE ITALIA SPA	VIA CHIESE 72 20126 MILANO MI	https://www.aziende.it/engie-italia-spa	monitoraitalia.it
24	ITALIANA PETROLI S.P.A.	00051570893	SI	00051570893	RM	740950	SOCIETA' PER AZIONI	Via Salaria 1322	00138	Roma	RM	Lazio	47665314	19.20.1	FABBRICAZIONE DI COKE E PRODOTTI DERIVANTI DALLA RAFFINAZIONE DEL PETROLIO	Petrolchimica	22/01/2015	Attiva	7367922100	2024	554	italianapetroli@pec.gruppoapi.com	SI	ITALIANA PETROLI S.P.A.	VIA SALARIA 1322 00138 ROMA RM	https://www.aziende.it/italiana-petroli-s-p-a	monitoraitalia.it
25	LIDL ITALIA S.R.L.	02275030233	SI	02275030233	VR	228845	Società a Responsabilità Limitata	Via Augusto Ruffo 36	37040	Arcole	VR	Veneto	40000000	46.9	Commercio all'ingrosso non specializzato	Commercio	20/07/1991	Attiva	7158326500	2024	22565	lidl_italia@legalmail.it	SI	LIDL ITALIA S.R.L. !!S.R.L.	VIA AUGUSTO RUFFO 36 37040 ARCOLE VR	https://www.aziende.it/lidl-italia-s-r-l	monitoraitalia.it
26	IVECO S.P.A.	09709770011	SI	09709770011	TO	1074767	Società per azioni	Via Puglia 35	10156	Torino	TO	Piemonte	200000000	29.1	Fabbricazione di autoveicoli, rimorchi e semirimorchi	Manifatturiero	01/12/2010	Attiva	7065385000	2024	7128	iveco@pec.ivecogroup.com	SI	IVECO SPA	VIA PUGLIA 35, 10156 TORINO TO	https://www.aziende.it/iveco-s-p-a	monitoraitalia.it
27	ENI PLENITUDE S.P.A. SOCIETA' BENEFIT	12300020158	SI	12300020158	MI	1544762	SOCIETA' PER AZIONI	Via Giovanni Lorenzini 4	20139	Milano	MI	Lombardia	855555556	35.23	Commercio di gas distribuito mediante condotte	Energia	01/03/2017	Attiva	7064842200	2024	1870	eniplenitudine@pec.eniplenitude.com	SI	ENI PLENITUDE SPA SOCIETA' BENEFIT	VIA GIOVANNI LORENZINI 4 20139 MILANO MI	https://www.aziende.it/eni-plenitude-s-p-a-societa-benefit	monitoraitalia.it
28	ISAB S.R.L.	01629050897	SI	01629050897	SR	136409	SOCIETA' A RESPONSABILITA' LIMITATA	Ex S S 114 Km 146	96010	Priolo Gargallo	SR	Sicilia	50000000	19.20.1	FABBRICAZIONE DI COKE E PRODOTTI DERIVANTI DALLA RAFFINAZIONE DEL PETROLIO	Petrolchimica	01/12/2008	Attiva	6856501000	2024	991	isab@pec.it	SI	ISAB S.R.L. !!S.R.L.	EX S S 114 KM 146, 96010 PRIOLO GARGALLO SR	https://www.aziende.it/isab-s-r-l	monitoraitalia.it
29	HERA TRADING S.R.L.	02060500390	SI	02060500390		133985	SR (Società a responsabilità limitata)	VIA DEL TEATRO 5	34121	TRIESTE	TS	Friuli-Venezia Giulia	22600000	3523		Energia	01/07/2004	Attiva	6720344200	2024			NO			https://www.ufficiocamerale.it/3019/hera-trading-srl	monitoraitalia.it
30	OMV SUPPLY & TRADING ITALIA S.R.L.	01319940324	SI	01319940324	TS	204004	SOCIETA' A RESPONSABILITA' LIMITATA	Via Cesare Beccaria 13	34133	Trieste	TS	Friuli-Venezia Giulia	22010000	46.81	Commercio all'ingrosso di combustibili solidi, liquidi, gassosi e di prodotti derivati	Petrolchimica	27/12/2018	Attiva	6667869600	2024		omvsupplyetradingitaliasrl@legalmail.it	SI	OMV SUPPLY & TRADING ITALIA SRL	VIA CESARE BECCARIA 13 34133 TRIESTE TS	https://www.aziende.it/omv-supply-trading-italia-s-r-l	monitoraitalia.it
31	EDISON ENERGIA S.P.A.	08526440154	SI	08526440154	MI	1229342	SOCIETA' PER AZIONI	Foro Buonaparte 31	20121	Milano	MI	Lombardia	40000000	35.15	Commercio di energia elettrica	Energia	28/11/1990	Attiva	6389410200	2024	568	edisonenergia@pec.edison.it	SI	EDISON ENERGIA S.P.A.	FORO BUONAPARTE 31 20121 MILANO MI	https://www.aziende.it/edison-energia-s-p-a	monitoraitalia.it
32	FERRARI S.P.A.	00159560366	SI	00159560366	MO	88683	Società per azioni	Via Emilia Est 1163	41122	Modena	MO	Emilia-Romagna	20260000	29.1	Fabbricazione di autoveicoli	Manifatturiero	23/05/1960	Attiva	6284626800	2024	5186	ferrari@pec.ferrari.com	SI	FERRARI S.P.A.	VIA EMILIA EST 1163 41122 MODENA MO	https://www.aziende.it/ferrari-societa-per-azioni-esercizio-fabbrich	monitoraitalia.it
33	ENEL PRODUZIONE S.P.A.	05617841001	SI	05617841001		904803	SOCIETA' PER AZIONI CON SOCIO UNICO	VIA LUIGI BOCCHERINI 15	00198	ROMA	RM	Lazio	1800000000	3512		Energia	10/10/1999	Attiva	6279569600	2024			NO			https://www.ufficiocamerale.it/2588/enel-produzione-spa	monitoraitalia.it
34	CHIMET S.P.A.	00155440514	SI	00155440514	AR	61012	SOCIETA' PER AZIONI	Via Dei Laghi 31/33	52041	Civitella in Val di Chiana	AR	Toscana	50000000	24.4	PRODUZIONE DI METALLI DI BASE PREZIOSI E ALTRI METALLI NON FERROSI, TRATTAMENTO DEI COMBUSTIBILI NUCLEARI	Metallurgia	10/05/1976	Attiva	6056830200	2024	150	chimet@legalmail.it	SI	CHIMET S.P.A.	VIA DEI LAGHI 31/33 52041 CIVITELLA IN VAL DI CHIANA AR	https://www.aziende.it/chimet-s-p-a	monitoraitalia.it
35	TRENITALIA S.P.A.	05403151003	SI	05403151003	RM	883047	SOCIETA' PER AZIONI CON SOCIO UNICO	Piazza Della Croce Rossa 1	00161	Roma	RM	Lazio	1685363500	49.1	TRASPORTO FERROVIARIO DI PASSEGGERI (INTERURBANO)	Trasporti	02/05/2000	Attiva	5883736800	2024	24963	segreteriacdati@cert.trenitalia.it	SI	TRENITALIA S.P.A.	PIAZZA DELLA CROCE ROSSA 1 00161 ROMA RM	https://www.aziende.it/trenitalia-s-p-a	monitoraitalia.it
36	A2A ENERGIA S.P.A.	12883420155	SI	12883420155	MI	1592687	SOCIETA' PER AZIONI	Piazza Trento 7	20135	Milano	MI	Lombardia	3000000	35.15	Commercio di energia elettrica	Energia	08/11/1999	Attiva	5879432700	2024	789	a2a.energia@pec.a2a.eu	SI	A2A ENERGIA S.P.A.	PIAZZA TRENTO 7 20135 MILANO MI	https://www.aziende.it/a2a-energia-s-p-a	monitoraitalia.it
37	SAIPEM S.P.A.	00825790157	SI	00825790157	MI	788744	SOCIETA' PER AZIONI	Via Luigi Russolo 5	20138	Milano	MI	Lombardia	1001669790	09.1	ATTIVITÀ DI SUPPORTO ALL'ESTRAZIONE DI PETROLIO E DI GAS NATURALE	Petrolchimica	05/06/1996	Attiva	5871918200	2024	6125	saipem@pec.saipem.com	SI	SAIPEM S.P.A.	VIA LUIGI RUSSOLO 5 20138 MILANO MI	https://www.aziende.it/saipem-s-p-a	monitoraitalia.it
38	SONATRACH RAFFINERIA ITALIANA S.R.L.	10410680960	SI	10410680960	MI	2529184	SOCIETA' A RESPONSABILITA' LIMITATA	Via Alessandro Manzoni 38	20121	Milano	MI	Lombardia	500000000	19.2	FABBRICAZIONE DI PRODOTTI DERIVANTI DALLA RAFFINAZIONE DEL PETROLIO	Petrolchimica	04/07/2018	Attiva	5852126500	2024	758	sonatrachitaliana@legalmail.it	SI	SONATRACH RAFFINERIA ITALIANA S.R.L.	VIA ALESSANDRO MANZONI 38 20121 MILANO MI	https://www.aziende.it/sonatrach-raffineria-italiana-s-r-l	monitoraitalia.it
39	HERA COMM S.P.A.	02221101203	SI	02221101203		421914	SOCIETA' PER AZIONI	VIA MOLINO ROSSO 8	40026	IMOLA	BO	Emilia-Romagna	53595898.95	3523		Energia	01/01/2002	Attiva	5845733800	2024			NO			https://www.ufficiocamerale.it/2222/hera-comm-spa	monitoraitalia.it
40	AUTOSTRADE PER L'ITALIA S.P.A.	07516911000	SI	07516911000	RM	1037417	SOCIETA' PER AZIONI	Via Alberto Bergamini 50	00159	Roma	RM	Lazio	622027000	52.21.2	Gestione di strade, ponti, gallerie	Trasporti	31/07/2003	Attiva	5453641200	2024	5153	autostradeperlitalia@pec.autostrade.it	SI	AUTOSTRADE PER L'ITALIA S.P.A.	VIA ALBERTO BERGAMINI 50 00159 ROMA RM	https://www.aziende.it/autostrade-per-l-italia-s-p-a	monitoraitalia.it
41	NUOVO PIGNONE INTERNATIONAL S.R.L.	04880930484	SI	04880930484		496890	SOCIETA' A RESPONSABILITA' LIMITATA	VIA FELICE MATTEUCCI 2	50127	FIRENZE	FI	Toscana	112004940.84	28292		Manifatturiero	01/07/1998	Attiva	5383064100	2024			NO			https://www.ufficiocamerale.it/7209/nuovo-pignone-international-srl	monitoraitalia.it
42	BANCO BPM SOCIETA' PER AZIONI	09722490969	SI	09722490969		2109611	SOCIETA' PER AZIONI	PIAZZA FILIPPO MEDA 4	20121	MILANO	MI	Lombardia	7100000000	64191		Finanza	01/01/2017	Attivo	5148977600	2024			NO			https://www.ufficiocamerale.it/8527/banco-bpm-societa-per-azioni	monitoraitalia.it
43	WEBUILD S.P.A.	02895590962	SI	00830660155	MI	525502	SOCIETA' PER AZIONI	Milanofiori Snc-strada 6 Palazzo L	20089	Rozzano	MI	Lombardia	600000000	42.12	Costruzione di linee ferroviarie e metropolitane	Costruzioni	24/01/1959	Attiva	5123434400	2024	1647	pec@pec.webuildgroup.com	SI	WEBUILD SPA	MILANOFIORI SNC-STRADA 6 PALAZZO L, 20089 ROZZANO MI	https://www.aziende.it/webuild-s-p-a	monitoraitalia.it
44	BANCA MEDIOLANUM S.P.A.	10698820155	SI	02124090164		1399110	SOCIETA' PER AZIONI	VIA ENNIO DORIS	20079	BASIGLIO	MI	Lombardia	600854390.5	64191		Finanza	08/07/1997	Attiva	5077063000	2024			NO			https://www.ufficiocamerale.it/3500/banca-mediolanum-spa	monitoraitalia.it
45	COSTA CROCIERE S.P.A.	02545900108	SI	02545900108	GE	279842	Società per Azioni	Piazza Piccapietra 48	16121	Genova	GE	Liguria	344310720	50.1	TRASPORTO MARITTIMO E COSTIERO DI PASSEGGERI	Trasporti	21/10/2004	Attiva	4699298500	2024	2918	costa.crociere@legalmail.it	SI	COSTA CROCIERE S.P.A.	PIAZZA PICCAPIETRA 48 16121 GENOVA GE	https://www.aziende.it/costa-crociere-s-p-a	monitoraitalia.it
46	BPER BANCA S.P.A.	03830780361	SI	01153230360		222528	SOCIETA' PER AZIONI	VIA SAN CARLO 8/20	41121	MODENA	MO	Emilia-Romagna	3136702715.3	64191		Finanza	01/01/1984	Attiva	4632800000	2024			SI	GRUPPO IVA BPER BANCA	VIA SAN CARLO 8/20 41121 MODENA MO	https://www.visura.pro/imprese/281782765-bper-banca-s-p-a.html	monitoraitalia.it
47	AXPO ITALIA S.P.A.	01141160992	SI	01141160992	BA	987225	SOCIETA' PER AZIONI	Via Quattro Novembre 149	00187	Roma	RM	Lazio	3000000	35.15	Commercio di energia elettrica	Energia	01/10/2000	Attiva	4500695800	2024	264	segreteria@pec.axpoitalia.biz	SI	AXPO ITALIA S.P.A.	VIA QUATTRO NOVEMBRE 149 00187 ROMA RM	https://www.aziende.it/axpo-italia-s-p-a	monitoraitalia.it
48	TECNIMONT S.P.A.	01628410159	SI	01628410159	MI	574643	SOCIETA' PER AZIONI	Via Gaetano De Castillia 6/a	20124	Milano	MI	Lombardia	1000000	71.12.1	Attività degli studi di ingegneria	Costruzioni	23/11/1960	Attiva	4474265100	2024	1924	tecnimont@pec.it	SI	TECNIMONT SPA	VIA GAETANO DE CASTILLIA 6/A 20124 MILANO MI	https://www.aziende.it/tecnimont-s-p-a	monitoraitalia.it
49	PIRELLI TYRE S.P.A.	07211330159	SI	07211330159	MI	1147607	Società per Azioni	Viale Piero E Alberto Pirelli N 25	20126	Milano	MI	Lombardia	558154000	22.11.1	Fabbricazione di pneumatici e di camere d'aria	Manifatturiero	01/03/1984	Attiva	4378938600	2024	1340	pirellityre.pecri@pec.pirelli.it	SI	PIRELLI TYRE SPA	VIALE PIERO E ALBERTO PIRELLI N 25 20126 MILANO MI	https://www.aziende.it/pirelli-tyre-spa	monitoraitalia.it
50	A.I.A. AGRICOLA ITALIANA ALIMENTARE S.P.A.	00233470236	SI	00233470236	VR	110039	SOCIETA' PER AZIONI	Piazzale Apollinare Veronesi 1	37036	San Martino Buon Albergo	VR	Veneto	5000000	46.32.11	Commercio all'ingrosso di carni fresche	Manifatturiero	22/05/1967	Attiva	4377589000	2024	714	aia@legalmail.it	SI	A.I.A. AGRICOLA ITALIANA ALIMENTARE S.P.A.	PIAZZALE APOLLINARE VERONESI 1 37036 SAN MARTINO BUON ALBERGO VR	https://www.aziende.it/a-i-a-agricola-italiana-alimentare-s-p-a	monitoraitalia.it
51	LUXOTTICA GROUP S.P.A.	10182640150	SI	00891030272	MI	1348098	SOCIETA' PER AZIONI	Piazzale Cadorna N 3	20123	Milano	MI	Lombardia	29111701	46.43.1	Commercio all'ingrosso di elettrodomestici, di elettronica di consumo audio e video	Manifatturiero	23/11/1981	Attiva	4357525000	2024	3742	luxotticamilano@legalmail.it	SI	LUXOTTICA GROUP SPA	PIAZZALE CADORNA N 3 20123 MILANO MI	https://www.aziende.it/luxottica-group-spa	monitoraitalia.it
52	GROUPE PSA ITALIA S.P.A.	00882090152	SI	00882090152	MI	779296	SOCIETA' PER AZIONI	Via Plava 80	10135	Torino	TO	Piemonte	4480000	46.71.1	Commercio all'ingrosso di automobili e autoveicoli leggeri	Manifatturiero	12/03/1969	Attiva	4344716300	2024	152	psaitalia@mpsacert.it	SI	GROUPE PSA ITALIA S.P.A.	VIA PLAVA 80 10135 TORINO TO	https://www.aziende.it/groupe-psa-italia-s-p-a	monitoraitalia.it
53	ASSICURAZIONI GENERALI SOCIETA' PER AZIONI	00079760328	SI	00079760328		6204	SOCIETA' PER AZIONI	PIAZZA LUIGI AMEDEO DUCA DEGLI ABRUZZI 2	34132	TRIESTE	TS	Friuli-Venezia Giulia	1602736602.13	6512		Finanza	26/12/1931	Attiva	4276175000	2024			NO			https://www.aziende.it/assicurazioni-generali-spa	monitoraitalia.it
54	LOGISTA ITALIA S.P.A.	06741351008	SI	06741351008	RM	986948	SOCIETA' PER AZIONI	Via Valadier 37	00193	Roma	RM	Lazio	15164000	46.35.09	Commercio all'ingrosso di prodotti del tabacco n.c.a.	Commercio	01/10/2001	Attiva	4273665800	2024	517	logistaitalia@pec.it	SI	LOGISTA ITALIA S.P.A.	VIA VALADIER 37 00193 ROMA RM	https://www.aziende.it/logista-italia-s-p-a	monitoraitalia.it
55	PAC 2000 A SOCIETA' COOPERATIVA	00163040546	SI	00163040546	PG	98419	SOCIETA' COOPERATIVA	Via Del Rame Snc	06134	Perugia	PG	Umbria	55540921	46.38.9	Commercio all'ingrosso di altri prodotti alimentari	Commercio	16/08/1972	Attiva	4209971700	2024			SI	PAC 2000 A SOCIETA' COOPERATIVA	VIA DEL RAME SNC 06134 PERUGIA PG	https://www.aziende.it/pac-2000-a-societa-cooperativa	monitoraitalia.it
56	ANAS S.P.A.	02133681003	SI	80208450587	RM	1024951	SOCIETA' PER AZIONI	Via Monzambano 10	00185	Roma	RM	Lazio	2269892000	52.21.2	Gestione di strade, ponti, gallerie	Trasporti	13/01/2003	Attiva	4182372500	2024	7774	anas@postacert.stradeanas.it	SI	ANAS S.P.A.	VIA MONZAMBANO 10 00185 ROMA RM	https://www.aziende.it/anas-societa-per-azioni	monitoraitalia.it
57	NUOVO PIGNONE S.R.L.	06176750484	SI	06176750484		606899	SOCIETÀ A RESPONSABILITÀ LIMITATA	VIA FELICE MATTEUCCI 2	50127	FIRENZE	FI	Toscana	100000000	28292		Manifatturiero	31/12/2011	Attiva	4128226800	2024			NO			https://www.aziende.it/nuovo-pignone-s-r-l	monitoraitalia.it
58	RENAULT ITALIA S.P.A.	05811161008	SI	00291240638	RM	273440	SOCIETA' PER AZIONI	Via Tiburtina 1159	00156	Roma	RM	Lazio	2582500	47.81.1	Commercio al dettaglio di automobili e autoveicoli leggeri	Manifatturiero	01/03/1962	Attiva	4054135700	2024	214	renault@pec.renault.it	SI	RENAULT ITALIA SPA	VIA TIBURTINA 1159 00156 ROMA RM	https://www.aziende.it/renault-italia-s-p-a	monitoraitalia.it
59	WIND TRE S.P.A.	13378520152	SI	02517580920	MI	1638878	SOCIETA' PER AZIONI	Via Monte Rosa 91	20149	Milano	MI	Lombardia	474303795	61.1	TELECOMUNICAZIONI FISSE	Telecomunicazioni	10/01/2001	Attiva	3988000000	2024	6489	windtrespa@pec.windtre.it	SI	WIND TRE S.P.A.	VIA MONTE ROSA 91 20149 MILANO MI	https://www.aziende.it/wind-tre-s-p-a	monitoraitalia.it
60	ITALPREZIOSI S.P.A.	01111420517	SI	01111420517	AR	83621	SOCIETA' PER AZIONI	Loc San Zeno Strada A 32	52100	Arezzo	AR	Toscana	25000000	24.41	Produzione di metalli preziosi	Metallurgia	09/06/1984	Attiva	3942513500	2024	96	italpreziosi@pcert.postecert.it	SI	ITALPREZIOSI SPA	LOC SAN ZENO STRADA A 32 52100 AREZZO AR	https://www.aziende.it/italpreziosi-s-p-a	monitoraitalia.it
61	COOP ALLEANZA 3.0 SOCIETA' COOPERATIVA	03503411203	SI	03503411203	BO	524364	SOCIETA' COOPERATIVA	Via Villanova 29/7	40055	Castenaso	BO	Emilia-Romagna		47.11.2	Supermercati	Commercio	01/01/2016	Attiva	3928119100	2024			SI	COOP ALLEANZA 3.0 SOCIETA' COOPERATIVA	VIA VILLANOVA 29/7 40055 CASTENASO BO	https://www.aziende.it/coop-alleanza-3-0-societa-cooperativa	monitoraitalia.it
62	BANCA MONTE DEI PASCHI DI SIENA S.P.A.	01483500524	SI	00884060526		97869	SOCIETA' PER AZIONI	PIAZZA SALIMBENI 3	53100	SIENA	SI	Toscana	17978187186.85	64191		Finanza	23/08/1995		3882000000	2024			SI	GRUPPO IVA MPS	PIAZZA SALIMBENI N 3 53100 SIENA SI	https://www.aziende.it/banca-monte-dei-paschi-di-siena-s-p-a	monitoraitalia.it
63	ENIMOOV S.P.A.	02701740108	SI	02701740108		904784	SP (Società per Azioni)	Viale Giorgio Ribotta 51	00144	Roma	RM	Lazio	59944310	4681		Commercio	09/07/1999	Attiva	3860571500	2024			SI	ENIMOOV S.P.A.	VIA GIORGIO RIBOTTA 51 00144 ROMA RM	https://www.aziende.it/enimoov-s-p-a	monitoraitalia.it
64	SORGENIA S.P.A.	12874490159	SI	07756640012	MI	1594238	SOCIETA' PER AZIONI	Via Alessandro Algardi 4	20148	Milano	MI	Lombardia	150000000	35.15	Commercio di energia elettrica	Energia	09/07/1999	Attiva	3828757000	2024	411	sorgenia@legalmail.it	SI	SORGENIA S.P.A.	VIA ALESSANDRO ALGARDI 4 20148 MILANO MI	https://www.aziende.it/sorgenia-s-p-a	monitoraitalia.it
65	FINCANTIERI S.P.A.	00629440322	SI	00397130584	TS	89063	SOCIETA' PER AZIONI	Via Genova 1	34121	Trieste	TS	Friuli-Venezia Giulia	883722972	30.1	COSTRUZIONE DI NAVI E IMBARCAZIONI	Manifatturiero	01/01/1984	Attiva	3792580200	2024	9675	fincantieri@pec.fincantieri.it	SI	FINCANTIERI SPA	VIA GENOVA 1 34121 TRIESTE TS	https://www.aziende.it/fincantieri-s-p-a	monitoraitalia.it
66	Q8 QUASER S.R.L.	06543251000	SI	00295420632	RM	973923	Società a Responsabilità Limitata	Viale Dell'oceano Indiano 13	00144	Roma	RM	Lazio	18500000	46.81	Commercio all'ingrosso di combustibili solidi, liquidi, gassosi e di prodotti derivati	Petrolchimica	31/03/2001	Attiva	3745215300	2024	86	q8quaserromasede@q8quaser.postecert.it	SI	Q8 QUASER SRL	VIALE DELL'OCEANO INDIANO 13 00144 ROMA RM	https://www.aziende.it/q8-quaser-s-r-l	monitoraitalia.it
67	BMW ITALIA S.P.A.	12532500159	SI	01934110154	MI	1403223	SOCIETA' PER AZIONI CON SOCIO UNICO	Via Della Unione Europea 1	20097	San Donato Milanese	MI	Lombardia	5300000	47.81.1	Commercio al dettaglio di automobili e autoveicoli leggeri	Manifatturiero	03/07/1973	Attiva	3649414000	2024	252	info.bmwitalia@bmwcert.it	SI	BMW ITALIA S.P.A.	VIA DELLA UNIONE EUROPEA 1 20097 SAN DONATO MILANESE MI	https://www.aziende.it/bmw-italia-spa	monitoraitalia.it
68	GS S.P.A.	12683790153	SI	00295960637	MI	1396833	SOCIETA' PER AZIONI	Via Bisceglie N 66	20152	Milano	MI	Lombardia	50000000	47.11.02	Commercio al dettaglio non specializzato con prevalenza di altri prodotti alimentari, bevande o tabacchi	Commercio	02/11/1998	Attiva	3633719300	2024	9565	gsspa@legalmail.it	NO			https://www.aziende.it/gs-spa	monitoraitalia.it
69	NEXI S.P.A.	10542790968	SI				SOCIETA' PER AZIONI	CORSO SEMPIONE 55	20149	MILANO	MI	Lombardia				Altri servizi			3514000000	2024			SI	GRUPPO NEXI	CORSO SEMPIONE 55 20149 MILANO MI	https://www.aziende.it/nexi-spa	monitoraitalia.it
70	DUFERCO ENERGIA S.P.A.	01016870329	SI	03544070174	GE	448318	SOCIETA' PER AZIONI	Via Imperiale Paolo 4	16126	Genova	GE	Liguria	30000000	35.15	Commercio di energia elettrica	Energia	01/03/2000	Attiva	3471060100	2024	377	as.dufercospa@pec.duferco.it	SI	DUFERCO ENERGIA S.P.A.	VIA IMPERIALE PAOLO 4 16126 GENOVA GE	https://www.aziende.it/duferco-energia-s-p-a	monitoraitalia.it
71	CHIESI FARMACEUTICI S.P.A.	01513360345	SI		PR	159271	Società per Azioni	Via Palermo 26/a	43122	Parma	PR	Emilia-Romagna	75000000	21.20.09	Fabbricazione di medicinali ed altri preparati farmaceutici	Manifatturiero	26/09/1985	Attiva	3413250000	2024	2057	amministrazione@pec.chiesi.com	SI	CHIESI FARMACEUTICI S.P.A.	VIA PALERMO 26/A 43122 PARMA PR	https://www.aziende.it/chiesi-farmaceutici-s-p-a	monitoraitalia.it
72	GUCCIO GUCCI S.P.A.	04294710480	SI	03031300159	FI	438090	SOCIETA' PER AZIONI	Via Tornabuoni 73R	50123	Firenze	FI	Toscana	50000000	15.12	Fabbricazione di articoli da viaggio, borse e simili, pelletteria e selleria	Manifatturiero	29/03/1991	Attiva	3378341400	2024	1512	gucciogucci@pec.gucci.com	SI	GUCCIO GUCCI S.P.A.	VIA TORNABUONI 73R 50123 FIRENZE FI	https://www.aziende.it/guccio-gucci-s-p-a	monitoraitalia.it
73	LUDOIL ENERGIA S.R.L.	07047491217	SI	07047491217	RM	1743714	Società a Responsabilità Limitata	Via Aurelia Nord 8	00053	Civitavecchia	RM	Lazio	20000000	46.81	Commercio all'ingrosso di combustibili solidi, liquidi, gassosi e di prodotti derivati	Petrolchimica	20/12/2011	Attiva	3362769100	2024	46	ludoilenergiasrl@pec.it	SI	LUDOIL ENERGIA SRL	VIA AURELIA NORD 8 00053 CIVITAVECCHIA RM	https://www.aziende.it/ludoil-energia-s-r-l	monitoraitalia.it
74	SPESA INTELLIGENTE S.P.A.	02416840235	SI	02416840235	VR	238008	Società per Azioni	Via Campalto 3/d	37036	San Martino Buon Albergo	VR	Veneto	5000000	47.11	Commercio al dettaglio in esercizi non specializzati con prevalenza di prodotti alimentari e bevande	Commercio	21/06/1993	Attiva	3328795300	2024	7789	spesaintelligente@pec.eurospin.com	SI	SPESA INTELLIGENTE SPA !!SPA	VIA CAMPALTO 3/D 37036 SAN MARTINO BUON ALBERGO VR	https://www.aziende.it/spesa-intelligente-s-p-a	monitoraitalia.it
75	TAMOIL ITALIA S.P.A.	00698550159	SI	00698550159	MI	425890	SOCIETA' PER AZIONI	Via Andrea Costa 17	20131	Milano	MI	Lombardia	165000000	46.81	Commercio all'ingrosso di combustibili solidi, liquidi, gassosi e di prodotti derivati	Petrolchimica		Attiva	3302143100	2024	248	tamoil.italia@pec.tamoil.it	SI	TAMOIL ITALIA S.P.A.	VIA ANDREA COSTA 17 20131 MILANO MI	https://www.aziende.it/tamoil-italia-s-p-a	monitoraitalia.it
76	MARCEGAGLIA CARBON STEEL S.P.A.	02466220205	SI	02466220205	MN	255216	SOCIETA' PER AZIONI	Via De' Bresciani 16	46040	Gazoldo degli Ippoliti	MN	Lombardia	396218598	24.20.2	Fabbricazione di tubi e condotti saldati e simili	Manifatturiero	01/11/2015	Attiva	3302069100	2024	1672	carbonsteel@pec.marcegaglia.com	SI	MARCEGAGLIA CARBON STEEL SPA	VIA BRESCIANI 16 46040 GAZOLDO DEGLI IPPOLITI MN	https://www.aziende.it/marcegaglia-carbon-steel-s-p-a	monitoraitalia.it
77	IREN MERCATO S.P.A.	01178580997	SI	01178580997		390320	SP (Società Per Azioni)	PIAZZETTA GIAMBATTISTA RAGGI 6	16137	GENOVA	GE	Liguria	61356220	3515 - Commercio di energia elettrica		Energia	01/03/2001	Attiva	3263757700	2024			NO			https://www.aziende.it/iren-mercato-s-p-a	monitoraitalia.it
78	MERCEDES-BENZ ITALIA S.P.A.	06325761002	SI	06325761002	RM	960386	SOCIETA' PER AZIONI	Via Giulio Vincenzo Bona 110	00156	Roma	RM	Lazio	38000000	46.71.1	Commercio all'ingrosso di automobili e autoveicoli leggeri	Manifatturiero	19/01/2001	Attiva	3230389200	2024	371	mercedesbenzitalia@legalmail.it	SI	MERCEDES-BENZ ITALIA S.P.A.	VIA GIULIO VINCENZO BONA 110 00156 ROMA RM	https://www.aziende.it/mercedes-benz-italia-s-p-a	monitoraitalia.it
79	FPT INDUSTRIAL S.P.A.	09397710014	SI				SOCIETA' PER AZIONI	VIA PUGLIA 15	10156	TORINO	TO	Piemonte				Manifatturiero			3172669700	2024			SI	FPT INDUSTRIAL SPA	VIA PUGLIA 15 10156 TORINO TO	https://www.aziende.it/fiat-powertrain-technologies-industrial-s-p-a	monitoraitalia.it
80	CONAD NORD OVEST SOCIETA' COOPERATIVA	01977130473	SI	01977130473	PT	195966	Società Cooperativa	Via Bure Vecchia Nord 10	51100	Pistoia	PT	Toscana	91808446	46.39.2	Commercio all'ingrosso non specializzato di altri prodotti alimentari, bevande e tabacco	Commercio	01/10/2019	Attiva	3147949700	2024			SI	CONAD NORD OVEST SOCIETA' COOPERATIVA	VIA BURE VECCHIA NORD 10 51100 PISTOIA PT	https://www.aziende.it/conad-nord-ovest-societa-cooperativa	monitoraitalia.it
81	UNICOOP FIRENZE SC	00407780485	SI	00407780485		34781	SOCIETA' COOPERATIVA	VIA SANTA REPARATA 43	50129	FIRENZE	FI	Toscana	16336006	471102		Commercio	14/10/1988	Attiva	3133316800	2024			SI	UNICOOP FIRENZE S.C.	VIA SANTA REPARATA 43, 50129 FIRENZE FI	https://www.aziende.it/unicoop-firenze-sc	monitoraitalia.it
82	AUTOMOBILI LAMBORGHINI S.P.A.	00591801204	SI	03049840378	BO	259882	Società per Azioni	Via Modena 12	40019	Sant'Agata Bolognese	BO	Emilia-Romagna	130000000	29.1	FABBRICAZIONE DI AUTOVEICOLI	Manifatturiero	25/08/1980	Attiva	3097478900	2024	3049	automobililamborghini@legalmail.it	SI	AUTOMOBILI LAMBORGHINI SPA	VIA MODENA 12 40019 SANT'AGATA BOLOGNESE BO	https://www.aziende.it/automobili-lamborghini-s-p-a	monitoraitalia.it
83	ACCENTURE S.P.A.	13454210157	SI	13454210157		1652886	Società per Azioni	Via Privata Nino Bonnet 10	20154	Milano	MI	Lombardia	1843248.6	62.01	Produzione di software, consulenza informatica e attività connesse	Altri servizi	31/05/2001	Attivo	2997079000	2024			SI	ACCENTURE S.P.A.	VIA PRIVATA NINO BONNET 10 20154 MILANO MI	https://www.aziende.it/accenture-s-p-a	monitoraitalia.it
84	PRADA S.P.A.	10115350158	SI	10115350158	MI	1343952	Società Per Azioni	Via Antonio Fogazzaro 28	20135	Milano	MI	Lombardia	255882400	47.71	Commercio al dettaglio di articoli di abbigliamento in esercizi specializzati	Manifatturiero	11/07/1990	Attiva	2976971000	2024	5921	pradaspa@pec.prada.com	SI	PRADA S.P.A.	VIA FOGAZZARO 28 20135 MILANO MI	https://www.aziende.it/prada-s-p-a	monitoraitalia.it
85	TERNA - RETE ELETTRICA NAZIONALE SOCIETA' PER AZIONI (IN FORMA ABBREVIATA TERNA S.P.A..)	05779661007	SI	05779661007		922416	SOCIETA' PER AZIONI	VIALE EGIDIO GALBANI 70	00156	ROMA	RM	Lazio	442198240	3513		Energia	01/10/1999	Attiva	2960604500	2024			SI	TERNA-RETE ELETTRICA NAZIONALE SOCIETA' PER AZIONI	VIALE E GALBANI 70 00156 ROMA RM	https://www.aziende.it/terna-s-p-a	monitoraitalia.it
86	SNAM RETE GAS S.P.A.	10238291008	SI	10238291008		1964271	SOCIETA' PER AZIONI CON SOCIO UNICO	VIA VEZZA D'OGLIO 6	20139	MILANO	MI	Lombardia	1200000000	49501		Energia	01/01/2012	Attiva	2934458000	2024			SI	SNAM RETE GAS S.P.A.	VIA VEZZA D'OGLIO 6 20139 MILANO MI	https://www.aziende.it/snam-rete-gas-s-p-a	monitoraitalia.it
87	ITALIA TRASPORTO AEREO S.P.A.	15907661001	SI	15907661001	RM	1622937	SOCIETA' PER AZIONI	Via Venti Settembre N 97	00187	Roma	RM	Lazio	792682926	51.10.1	Trasporto aereo di linea di passeggeri	Trasporti	21/12/2020	Attiva	2919767100	2024	5164	italiatrasportoaereo@legalmail.it	SI	ITALIA TRASPORTO AEREO S.P.A.	VIA VENTI SETTEMBRE N 97 00187 ROMA RM	https://www.aziende.it/italia-trasporto-aereo-s-p-a	monitoraitalia.it
88	ABB S.P.A.	11988960156	SI	00736410150	MI	1513225	SOCIETA' PER AZIONI	Via Vittor Pisani N 16	20124	Milano	MI	Lombardia	110000000	27.12	Fabbricazione di apparecchiature per le reti di distribuzione e il controllo dell'elettricità	Manifatturiero	01/01/1999	Attiva	2903142200	2024	5499	abbspa@legalmail.it	SI	ABB S.P.A.	VIA VITTOR PISANI N 16 20124 MILANO MI	https://www.aziende.it/abb-s-p-a	monitoraitalia.it
89	RETE FERROVIARIA ITALIANA - SOCIETA' PER AZIONI IN SIGLA RFI S.P.A.	01008081000	SI	01585570581		758300	SOCIETA' PER AZIONI CON SOCIO UNICO	PIAZZA DELLA CROCE ROSSA 1	00161	ROMA	RM	Lazio	31536472466	49		Trasporti	10/09/1992	Attiva	2877373200	2024			SI	RETE FERROVIARIA ITALIANA - SOCIETA' PER AZIONI	PIAZZA DELLA CROCE ROSSA 1 00161 ROMA RM	https://www.aziende.it/rete-ferroviaria-italiana-spa	monitoraitalia.it
90	VERSALIS S.P.A.	01768800748	SI	03823300821	MI	1351279	SOCIETA' PER AZIONI	Piazza Boldrini 1	20097	San Donato Milanese	MI	Lombardia	300000000	20.14	Fabbricazione di altri prodotti chimici di base organici	Petrolchimica	18/03/1991	Attiva	2874562000	2024	3905	versalis@pec.versalis.eni.com	SI	VERSALIS S.P.A.	PIAZZA BOLDRINI 1 20097 SAN DONATO MILANESE MI	https://www.aziende.it/versalis-s-p-a	monitoraitalia.it
91	AGRICOLA TRE VALLI SOCIETA' COOPERATIVA	02447620234	SI	01631760236	VR	237732	SOCIETA' COOPERATIVA	Via Valpantena 18/g	37142	Verona	VR	Veneto	160650	10.12	Lavorazione e conservazione di carne di volatili	Manifatturiero	08/01/1993	Attiva	2844345700	2024			SI	AGRICOLA TRE VALLI SOCIETA' COOPERATIVA	VIA VALPANTENA 18/G 37142 VERONA VR	https://www.aziende.it/agricola-tre-valli-societa-cooperativa	monitoraitalia.it
92	STMICROELECTRONICS S.R.L.	00951900968	SI	09291380153	MB	1281765	SOCIETA' A RESPONSABILITA' LIMITATA	Via C Olivetti 2	20864	Agrate Brianza	MB	Lombardia	580000000	26.1	Fabbricazione di componenti elettronici e schede elettroniche	Manifatturiero	18/06/1988	Attiva	2842515800	2024	12852	st_srl@legalmail.it	SI	STMICROELECTRONICS S.R.L.	VIA C OLIVETTI 2 20864 AGRATE BRIANZA MB	https://www.aziende.it/stmicroelectronics-s-r-l	monitoraitalia.it
93	FASTWEB S.P.A.	12878470157	SI	12878470157	MI	1591912	SOCIETA' PER AZIONI	Piazza A Olivetti 1	20139	Milano	MI	Lombardia	41344209	61	TELECOMUNICAZIONI	Telecomunicazioni	01/12/2004	Attiva	2796960100	2024	3277	fastweb@pec.fastweb.it	SI	FASTWEB SPA	PIAZZA A OLIVETTI 1 20139 MILANO MI	https://www.aziende.it/fastweb-spa	monitoraitalia.it
94	MAXI DI S.R.L.	00542090238	SI	00542090238	VR	142404	Società a Responsabilità Limitata	Viale Del Lavoro 20	37050	Belfiore	VR	Veneto	10000000	47.11.02	Commercio al dettaglio non specializzato con prevalenza di altri prodotti alimentari, bevande o tabacchi	Commercio	25/03/1975	Attiva	2764577800	2024	7312	maxidi@legalmail.it	SI	MAXI DI SRL	VIALE DEL LAVORO 20 37050 BELFIORE VR	https://www.aziende.it/maxi-di-s-r-l	monitoraitalia.it
95	CNH INDUSTRIAL ITALIA S.P.A.	00370290363	SI	00370290363	MO	159447	SOCIETA' PER AZIONI	Lungo Stura Lazio 19	10156	Torino	TO	Piemonte	56225000	28.30.1	Fabbricazione di trattori agricoli	Manifatturiero	01/09/1974	Attiva	2752445500	2024	4590	cnh.italia@pec.cnhind.com	SI	CNH INDUSTRIAL ITALIA SPA	LUNGO STURA LAZIO 19 10156 TORINO TO	https://www.aziende.it/cnh-industrial-italia-s-p-a	monitoraitalia.it
96	ACCIAIERIA ARVEDI S.P.A.	11852670154	SI	00910070192	MI	1497770	SOCIETA' PER AZIONI	Viale Enrico Forlanini 23	20134	Milano	MI	Lombardia	112900000	24.1	SIDERURGIA	Metallurgia	30/12/2004	Attiva	2706877500	2024	2085	acciaieria-arvedi@pec.arvedi.it	SI	ACCIAIERIA ARVEDI S.P.A.	VIALE FORLANINI 23 20134 MILANO MI	https://www.aziende.it/acciaieria-arvedi-s-p-a	monitoraitalia.it
97	TOYOTA MOTOR ITALIA S.P.A.	03926291000	SI	03926291000	RM	713082	SOCIETA' PER AZIONI	Via Kiiciro Toyoda 2	00148	Roma	RM	Lazio	38958000	46.71.1	Commercio all'ingrosso di automobili e autoveicoli leggeri	Manifatturiero	25/03/1991	Attiva	2699773500	2024	214	toyotamotoritalia@legalmail.it	SI	TOYOTA MOTOR ITALIA S.P.A.	VIA KIICIRO TOYODA 2 00148 ROMA RM	https://www.aziende.it/toyota-motor-italia-s-p-a	monitoraitalia.it
98	CONAD SOCIETA' COOPERATIVA	03320960374	SI	00865960157			SOCIETA' COOPERATIVA	VIA MICHELINO 59	40127	BOLOGNA	BO	Emilia-Romagna				Commercio			2693227100	2024			SI	CONAD - CONSORZIO NAZIONALE DETTAGLIANTI - SOCIETA' COOPERAT!!CONAD	VIA MICHELINO 59 40127 BOLOGNA BO	https://www.aziende.it/conad-sc	monitoraitalia.it
99	AUTOTORINO S.P.A.	10024610155	SI	10024610155	MI	1336962	SOCIETA' PER AZIONI	Via Ansperto 7	20123	Milano	MI	Lombardia	11427000	47.81.1	Commercio al dettaglio di automobili e autoveicoli leggeri	Commercio	13/05/1991	Attiva	2676498000	2024	2367	autotorino@pec.it	SI	AUTOTORINO S.P.A.	VIA ANSPERTO 7 20123 MILANO MI	https://www.aziende.it/autotorino-s-p-a	monitoraitalia.it
100	UNIEURO S.P.A.	00876320409	SI	00876320409	FO	177115	Società per Azioni	Via Piero Maroncelli 10	47121	Forlì	FC	Emilia-Romagna	4206451	47.12.1	Commercio al dettaglio non specializzato con prevalenza di apparecchiature informatiche ed elettrodomestici	Commercio	15/05/1979	Attiva	2658621000	2024	5269	ufficiopaghe@pec.sgmdistribuzione.it	SI	UNIEURO S.P.A.	VIA PIERO MARONCELLI 10 47121 FORLI' FC	https://www.aziende.it/unieuro-s-p-a	monitoraitalia.it
101	HITACHI RAIL STS S.P.A.	01371160662	SI	01371160662	GE	421689	SOCIETA' PER AZIONI	Via Argine 425	80147	Napoli	NA	Campania	100000000	30.2	COSTRUZIONE DI LOCOMOTIVE E DI MATERIALE ROTABILE FERRO-TRANVIARIO	Manifatturiero	21/11/2005	Attiva	2640342400	2024	4622	hitachirailsts@legalmail.it	SI	HITACHI RAIL STS S.P.A.	VIA ARGINE 425 80147 NAPOLI NA	https://www.aziende.it/hitachi-rail-sts-s-p-a	monitoraitalia.it
102	BARILLA G. E R. FRATELLI S.P.A.	01654010345	SI	01654010345		169146	SOCIETA' PER AZIONI	VIA MANTOVA 166	43122	PARMA	PR	Emilia-Romagna	180639990	1073		Manifatturiero	01/01/1989	Attiva	2630757900	2024			SI	BARILLA G. E R. FRATELLI S.P.A	VIA MANTOVA 166 43122 PARMA PR	https://www.aziende.it/barilla-g-e-r-fratelli-spa	monitoraitalia.it
103	PHILIP MORRIS ITALIA S.R.L.	06657521008	SI	06657521008		981615	Società a Responsabilità Limitata	Via Po 11-13-15	00198	Roma	RM	Lazio	5000000	12	Industria del tabacco	Manifatturiero	01/09/2001	Attiva	2626115300	2024			SI	PHILIP MORRIS ITALIA S.R.L.	VIA PO 11-13-15 00198 ROMA RM	https://www.aziende.it/philip-morris-italia-s-r-l	monitoraitalia.it
104	FORD ITALIA S.P.A.	00894451004	SI	00443120589	RM	221081	SOCIETA' PER AZIONI	Via Del Serafico 89 Pal D	00142	Roma	RM	Lazio	250000	46.71.1	Commercio all'ingrosso di automobili e autoveicoli leggeri	Manifatturiero	20/02/2008	Attiva	2618629000	2024	146	ford@forditaliaspa.legalmail.it	SI	FORD ITALIA SPA	VIA DEL SERAFICO 89 PAL D 00142 ROMA RM	https://www.aziende.it/ford-italia-s-p-a	monitoraitalia.it
105	FIBERCOP S.P.A.	11459900962	SI	11459900962	MI	2604085	SOCIETA' PER AZIONI	Via Marco Aurelio 24	20127	Milano	MI	Lombardia	17835900	61.10.01	Attivita' di telecomunicazioni fisse	Telecomunicazioni	25/11/2020	Attiva	2577200200	2024	20503	fibercopspa@pec.fibercop.it	SI	FIBERCOP S.P.A.	VIA MARCO AURELIO 24 20127 MILANO MI	https://www.aziende.it/fibercop-s-p-a	monitoraitalia.it
106	RAI RADIOTELEVISIONE ITALIANA S.P.A.	06382641006	SI	06382641006	RM	964690	Società per Azioni	Via Alessandro Severo 246	00145	Roma	RM	Lazio	242518100	60.2	ATTIVITÀ DI PROGRAMMAZIONE E TRASMISSIONI TELEVISIVE	Telecomunicazioni	01/12/2004	Attiva	2568338200	2024	12253	raispa@postacertificata.rai.it	SI	RAI RADIOTELEVISIONE ITALIANA S.P.A.	VIA ALESSANDRO SEVERO 246, 00145 ROMA RM	https://www.aziende.it/rai-radiotelevisione-italiana-s-p-a	monitoraitalia.it
107	GRIMALDI EUROMED S.P.A.	00278730825	SI	00278730825	PA	68647	Società per Azioni	Piazza Gentili Alberico 3	90143	Palermo	PA	Sicilia	120000000	50	Trasporto marittimo e per vie d'acqua	Trasporti	04/10/1973	Attiva	2531602400	2024	1360	grimaldieuromed@legalmail.it	SI	GRIMALDI EUROMED S.P.A.	PIAZZA GENTILI ALBERICO 3 90143 PALERMO PA	https://www.aziende.it/grimaldi-euromed-s-p-a	monitoraitalia.it
108	T.C.A. - TRATTAMENTI CENERI AUROARGENTIFERE - S.P.A.	00279290514	SI	00279290514	AR	66877	SOCIETA' PER AZIONI	Localita' Castelluccio 11	52010	Capolona	AR	Toscana	14000000	24.41	Produzione di metalli preziosi	Metallurgia	01/04/1979	Attiva	2494240800	2024	150	tcaspa@pec.tcaspa.com	SI	T.C.A. - TRATTAMENTI CENERI AUROARGENTIFERE - S.P.A.	LOCALITA' CASTELLUCCIO 11 52010 CAPOLONA AR	https://www.aziende.it/t-c-a-trattamenti-ceneri-auroargentifere	monitoraitalia.it
109	ASPIAG SERVICE S.R.L.	00882800212	SI	00882800212	BZ	94217	Società a Responsabilità Limitata	Via B Buozzi 30	39100	Bolzano	BZ	Trentino-Alto Adige	79320000	46.39	Commercio all'ingrosso non specializzato di prodotti alimentari, bevande e tabacco	Commercio	17/05/1991	Attiva	2483761200	2024	9919	aspiag_service@pec.despar.it	SI	ASPIAG SERVICE SRL	VIA B BUOZZI 30 39100 BOLZANO .BOZEN. BZ	https://www.aziende.it/aspiag-service-s-r-l	monitoraitalia.it
110	IBM ITALIA S.P.A.	10914660153	SI	01442240030	MI	1416845	SOCIETA' PER AZIONI	Circonvallazione Idroscalo Snc	20054	Segrate	MI	Lombardia	247656998	62.1	Attivita' di programmazione informatica	Altri servizi	01/03/1993	Attiva	2474993000	2024	2313	ibmitaliaspa@pec.trustedmail.intesa.it	SI	IBM ITALIA S.P.A	CIRCONVALLAZIONE IDROSCALO SNC 20054 SEGRATE MI	https://www.aziende.it/ibm-italia-s-p-a	monitoraitalia.it
111	ADECCO ITALIA S.P.A.	13366030156	SI	13366030156		1642351	SOCIETA' PER AZIONI	VIA TOLMEZZO 15	20132	MILANO	MI	Lombardia	2976000	782		Altri servizi	28/05/2001	Attivo	2391180700	2024			NO			https://www.aziende.it/adecco-italia-spa	monitoraitalia.it
112	ACCIAI SPECIALI TERNI S.P.A.	00715760559	SI	11222300151	TR	71102	SOCIETA' PER AZIONI	Viale Benedetto Brin 218	05100	Terni	TR	Umbria	159682400	24.1	SIDERURGIA	Metallurgia	07/01/1997	Attiva	2386819700	2024	2287	societariopatrimoniale@pec.acciaiterni.info	SI	ACCIAI SPECIALI TERNI SPA	VIALE BENEDETTO BRIN 218, 05100 TERNI TR	https://www.aziende.it/acciai-speciali-terni-s-p-a	monitoraitalia.it
113	COOP CONSORZIO NORD OVEST SOC. CONSORTILE A R.L	04117520967	SI	04117520967		1727500	SOCIETA' CONSORTILE A RESPONSABILITA' LIMITATA	VIA ALDO MORO 1	20072	PIEVE EMANUELE	MI	Lombardia	6000000	4619		Commercio	24/11/2003	Attiva	2353154700	2024			SI	COOP CONSORZIO NORD OVEST SOC. CONSORTILE A R.L.	VIA ALDO MORO 1 20072 PIEVE EMANUELE MI	https://www.aziende.it/coop-consorzio-nord-ovest-sconsarl	monitoraitalia.it
114	ESPRINET S.P.A.	02999990969	SI	05091320159	MB	1158694	Società per Azioni	Via Energy Park 20	20871	Vimercate	MB	Lombardia	7860651	46.50.1	Commercio all'ingrosso di computer, unita' periferiche e software	Commercio	22/02/1984	Attiva	2315855100	2024	711	esprinet@legalmail.it	SI	ESPRINET S.P.A.	VIA ENERGY PARK 20 20871 VIMERCATE MB	https://www.aziende.it/esprinet-s-p-a	monitoraitalia.it
115	CALZEDONIA S.P.A.	02253210237	SI	01037050422	VR	205310	SOCIETA' PER AZIONI	Via Portici Umberto Primo 5/3	37018	Malcesine	VR	Veneto	212000000	46.42.1	Commercio all'ingrosso di abbigliamento e accessori	Manifatturiero	12/12/1986	Attiva	2314273800	2024	2837	amministrazione@pec.calzedonia.it	SI	CALZEDONIA S.P.A.	VIA PORTICI UMBERTO PRIMO 5/3 37018 MALCESINE VR	https://www.aziende.it/calzedonia-s-p-a	monitoraitalia.it
116	ITX ITALIA S.R.L.	11209550158	SI	11209550158	MI	1447159	Società a Responsabilità Limitata	Largo Corsia Dei Servi 3	20122	Milano	MI	Lombardia	198000000	47.71	Commercio al dettaglio di articoli di abbigliamento in esercizi specializzati	Commercio	15/02/2002	Attiva	2301401100	2024	9851	itxitaliasrl@pec.it	SI	ITX ITALIA S.R.L.	LARGO CORSIA DEI SERVI 3, 20122 MILANO MI	https://www.aziende.it/itx-italia-s-r-l	monitoraitalia.it
117	COMIFAR DISTRIBUZIONE S.P.A.	10406510155	SI	00165110248	MI	1375859	SOCIETA' PER AZIONI	Via Fratelli Di Dio 2	20026	Novate Milanese	MI	Lombardia	35000000	46.46.1	Commercio all'ingrosso di medicinali	Commercio	16/04/1991	Attiva	2300661000	2024	1433	comifar.distribuzione@legalmail.it	SI	COMIFAR DISTRIBUZIONE SPA	VIA FRATELLI DI DIO 2, 20026 NOVATE MILANESE MI	https://www.aziende.it/comifar-distribuzione-s-p-a	monitoraitalia.it
118	SKY ITALIA S.R.L.	04619241005	SI		MI	1726765	SOCIETA' A RESPONSABILITA' LIMITATA CON UNICO SOCIO	Via Monte Penice 7	20138	Milano	MI	Lombardia	261507000	60.2	ATTIVITÀ DI PROGRAMMAZIONE E TRASMISSIONI TELEVISIVE	Telecomunicazioni	22/11/2000	Attiva	2294774000	2024	2783	skyitalia@pec.skytv.it	SI	SKY ITALIA S.R.L.	VIA MONTE PENICE 7, 20138 MILANO MI	https://www.aziende.it/sky-italia-s-r-l	monitoraitalia.it
119	BEKO EUROPE MANAGEMENT S.R.L.	10895280963	SI	10895280963		2564457	SOCIETA' A RESPONSABILITA' LIMITATA	VIA VARESINA 204	20156	MILANO	MI	Lombardia	10000000	46433	Commercio all'ingrosso di altri elettrodomestici	Manifatturiero	01/12/2020	Attivo	2273440600	2024	842		NO			https://www.aziende.it/beko-europe-management-s-r-l	monitoraitalia.it
120	IKEA ITALIA RETAIL S.R.L.	02992760963	SI	02992760963	MI	1476140	SOCIETA' A RESPONSABILITA' LIMITATA	Strada Provinciale 208 N 3	20061	Carugate	MI	Lombardia	7800000	47.55.1	Commercio al dettaglio di mobili per la casa	Commercio	05/01/1996	Attiva	2221492200	2024	7645	ikeaitaliaretail@legalmail.it	SI	IKEA ITALIA RETAIL S.R.L.	STRADA PROVINCIALE 208 N 3 20061 CARUGATE MI	https://www.aziende.it/ikea-italia-retail-s-r-l	monitoraitalia.it
121	ARVAL SERVICE LEASE ITALIA S.P.A.	04911190488	SI	00879960524	FI	469866	Società per Azioni	Via Sette Regole 21	50018	Scandicci	FI	Toscana	158000000	77.11	Noleggio di autovetture ed autoveicoli leggeri	Altri servizi	08/09/1998	Attiva	2186876200	2024	1225	servizigenerali@arval.legalmail.it	SI	ARVAL SERVICE LEASE ITALIA S.P.A.	VIA SETTE REGOLE 21 50018 SCANDICCI FI	https://www.aziende.it/arval-service-lease-italia-s-p-a	monitoraitalia.it
122	SERVIZI ENERGIA ITALIA S.P.A.	03843480272	SI	03843480272	MI	1914932	SOCIETA' PER AZIONI	Piazza Tina Modotti 5	20138	Milano	MI	Lombardia	20000000	71.12.1	Attività degli studi di ingegneria	Costruzioni	01/11/2009	Attiva	2174631000	2024	1	servizienergiaitalia@pec.saipem.com	SI	SERVIZI ENERGIA ITALIA S.P.A.	PIAZZA TINA MODOTTI 5 20138 MILANO MI	https://www.aziende.it/servizi-energia-italia-s-p-a	monitoraitalia.it
123	SERVIZIO ELETTRICO NAZIONALE S.P.A.	09633951000	SI	09633951000		1177794	SOCIETA' PER AZIONI	VIA LUIGI BOCCHERINI 15	00198	ROMA	RM	Lazio	10000000	3515	Commercio di energia elettrica	Energia	01/01/2008	Attiva	2173086600	2024	638		NO			https://www.aziende.it/servizio-elettrico-nazionale-s-p-a	monitoraitalia.it
124	PRYSMIAN POWERLINK S.R.L.	05931070964	SI	05931070964		1859488	SOCIETA' A RESPONSABILITA' LIMITATA	VIA CHIESE 6	20126	MILANO	MI	Lombardia	200000000	2732	Fabbricazione di altri fili e cavi elettronici ed elettrici	Manifatturiero	01/01/2008	Attiva	2113141300	2024	1386		NO			https://www.aziende.it/prysmian-powerlink-s-r-l	monitoraitalia.it
125	RANDSTAD ITALIA S.P.A.	12730090151	SI	12730090151		1581244	SOCIETA' PER AZIONI	VIA ROBERTO LEPETIT 8/10	20124	MILANO	MI	Lombardia	27110320	782	Attivita' di agenzie di lavoro interinale e altre attivita' di fornitura di risorse umane	Altri servizi	20/07/1999	Attivo	2106060100	2024	56702		NO			https://www.aziende.it/randstad-italia-s-p-a	monitoraitalia.it
126	MEDIAMARKET S.P.A.	02630120166	SI	02180760965	MB	1354742	Società per Azioni	Via Furlanelli 69	20843	Verano Brianza	MB	Lombardia	2000000	47.12.1	Commercio al dettaglio non specializzato con prevalenza di apparecchiature informatiche ed elettrodomestici	Commercio	21/12/1997	Attiva	2104137900	2024	5103	mediamarket@mediamarket.telecompost.it	SI	MEDIAMARKET S.P.A.	VIA FURLANELLI 69 20843 VERANO BRIANZA MB	https://www.aziende.it/mediamarket-spa	monitoraitalia.it
127	MEGAMARK S.R.L.	02969690615	SI	02969690615	BA	490358	Società a Responsabilità Limitata	Strada Provinciale Trani-andria Km	76125	Trani	BT	Puglia	6000000	46.9	Commercio all'ingrosso non specializzato	Commercio	01/01/2011	Attiva	2103091500	2024	183	megamark@pec.it	SI	MEGAMARK S.R.L.	STRADA PROVINCIALE TRANI-ANDRIA KM 76125 TRANI BT	https://www.aziende.it/megamark-s-r-l	monitoraitalia.it
128	GESCO SOCIETA' COOPERATIVA AGRICOLA IN BREVE GESCO S.C.A	02522130406	SI	02522130406		277774	SOCIETA' COOPERATIVA	VIA DEL RIO 400	47522	CESENA	FC	Emilia-Romagna	1032000	463211	Commercio all'ingrosso di carni fresche	Manifatturiero	01/07/1998	Attivo	2100949600	2024	1285		SI	GESCO SOCIETA' COOPERATIVA AGRICOLA IN BREVE GESCO S.C.A.	VIA DEL RIO 400 47522 CESENA FC	https://www.aziende.it/gesco-societa-cooperativa-agricola	monitoraitalia.it
129	SORGENIA TRADING S.P.A.	06527860966	SI	06527860966	MI	1897739	SOCIETA' PER AZIONI	Via Alessandro Algardi 4	20148	Milano	MI	Lombardia	20000000	35.15	Commercio di energia elettrica	Energia	12/10/2009	Attiva	2079597100	2024	4	sorgenia.trading@legalmail.it	SI	SORGENIA TRADING SPA	VIA ALESSANDRO ALGARDI 4 20148 MILANO MI	https://www.aziende.it/sorgenia-trading-s-p-a	monitoraitalia.it
130	SAMSUNG ELECTRONICS ITALIA S.P.A.	11325690151	SI	10352790157	MI	1365442	Società per Azioni	Via Mike Bongiorno 9	20124	Milano	MI	Lombardia	33850000	46.43.2	Commercio all'ingrosso di supporti registrati, audio, video (Cd, Dvd e altri supporti)	Manifatturiero	24/09/1991	Attiva	2061737200	2024	487	samsung.italia@cgn.legalmail.it	SI	SAMSUNG ELECTRONICS ITALIA S.P.A.	VIA MIKE BONGIORNO 9, 20124 MILANO MI	https://www.aziende.it/samsung-electronics-italia-s-p-a	monitoraitalia.it
131	UNICOMM S.R.L.	01274580248	SI	01274580248	VI	157053	Società a responsabilità limitata	Via Enrico Mattei 50	36031	Dueville	VI	Veneto	5000000	47.11.02	Commercio al dettaglio non specializzato con prevalenza di altri prodotti alimentari, bevande o tabacchi	Commercio	27/11/1980	Attiva	2061554800	2024	5402	unicommsrl@legalmail.it	SI	UNICOMM S.R.L.	VIA ENRICO MATTEI 50, 36031 DUEVILLE VI	https://www.aziende.it/unicomm-s-r-l	monitoraitalia.it
132	LUIGI LAVAZZA - SOCIETA' PER AZIONI ABBREVIABILE ANCHE NELLA SIGLA: LAVAZZA S.P.A.	00470550013	SI	00470550013		257143	SOCIETA' PER AZIONI	VIA BOLOGNA 32	10152	TORINO	TO	Piemonte	25090000	108302		Manifatturiero	03/12/1948	Attiva	2040244300	2024			SI	LUIGI LAVAZZA S.P.A.	VIA BOLOGNA N 32 10152 TORINO TO	https://www.aziende.it/luigi-lavazza-spa	monitoraitalia.it
133	COMMERCIANTI INDIPENDENTI ASSOCIATI - SOCIETA' COOPERATIVA	00138950407	SI	00138950407		71556	SOCIETA' COOPERATIVA	VIA NAVICELLA 22	47122	FORLI'	FC	Emilia-Romagna	110225828	4639		Commercio	23/09/1959	Attiva	2032649700	2024			SI	COMMERCIANTI INDIPENDENTI ASSOCIATI - SOCIETA' COOPERATIVA	VIA NAVICELLA 22 47122 FORLI' FC	https://www.aziende.it/commercianti-indipendenti-associati-sc	monitoraitalia.it
134	EG ITALIA S.P.A.	09964350962	SI	09964350962	RM	1543604	Società per Azioni	Viale Alexandre Gustave Eiffel 13	00148	Roma	RM	Lazio	695180	46.81	Commercio all'ingrosso di combustibili solidi, liquidi, gassosi e di prodotti derivati	Petrolchimica	07/03/2018	Attiva	2030901400	2024	123	egitaliaspa@legalmail.it	SI	EG ITALIA SPA	VIALE ALEXANDRE GUSTAVE EIFFEL 13 00148 ROMA RM	https://www.aziende.it/eg-italia-s-p-a	monitoraitalia.it
135	COMPUTER GROSS S.P.A.	04801490485	SI	02500250168		487781	Società per Azioni	Via Del Pino 1	50053	Empoli	FI	Toscana	40000000	46.51	Commercio all'ingrosso di computer, apparecchiature informatiche periferiche e di software	Commercio	22/01/1997	Attiva	1987208400	2024			SI	COMPUTER GROSS S.P.A.	VIA DEL PINO 1 50053 EMPOLI FI	https://www.aziende.it/computer-gross-s-p-a	monitoraitalia.it
136	MEDIOBANCA BANCA DI CREDITO FINANZIARIO SOCIETA' PER AZIONI	00714490158	SI	00714490158		343508	SOCIETA' PER AZIONI	PIAZZETTA ENRICO CUCCIA 1	20121	MILANO	MI	Lombardia	524568377	64191		Finanza	10/04/1946	Attiva	1969084300	2024			NO			https://www.aziende.it/mediobanca-banca-di-credito-finanziario-spa	monitoraitalia.it
137	IPER MONTEBELLO S.P.A.	03585750155	SI	03585750155	MI	621918	SOCIETA' PER AZIONI	Via Marco Ulpio Traiano 57	20149	Milano	MI	Lombardia	50000000	47.11.02	Commercio al dettaglio non specializzato con prevalenza di altri prodotti alimentari, bevande o tabacchi	Commercio	08/08/1983	Attiva	1954687000	2024	6769	ipermontebello@legalmail.it	SI	IPER MONTEBELLO S.P.A.	VIA MARCO ULPIO TRAIANO 57 20149 MILANO MI	https://www.aziende.it/iper-montebello-s-p-a	monitoraitalia.it
138	ERMENEGILDO ZEGNA N.V	00154990022	SI	00154990022		39389	Società costituita in base a leggi di altro stato	VIA ROMA 99/100	13835	VALDILANA	BI	Piemonte		701	Attivita' di sedi centrali	Manifatturiero	01/01/1945		1946647000	2024	28		SI	ERMENEGILDO ZEGNA N.V.	VIA ROMA 99/100 13835 VALDILANA BI	https://www.aziende.it/ermenegildo-zegna-n-v	monitoraitalia.it
139	MARR S.P.A.	02686290400	SI	01836980365	RN	276618	SOCIETA' PER AZIONI	Via Spagna 20	47921	Rimini	RN	Emilia-Romagna	33282715	46.38	Commercio all'ingrosso di altri prodotti alimentari, inclusi pesci, crostacei e molluschi	Commercio	13/06/1988	Attiva	1920636900	2024	929	marr@legalmail.it	SI	MARR S.P.A.	VIA SPAGNA 20 47921 RIMINI RN	https://www.aziende.it/marr-s-p-a	monitoraitalia.it
140	SOCIETA' PER AZIONI*MICHELIN ITALIANA*S.A.M.I	00570070011	SI	00570070011		108661	SOCIETA' PER AZIONI	CORSO ROMANIA 546	10156	TORINO	TO	Piemonte	77460000	22111		Manifatturiero	15/07/1930	Attiva	1915709700	2024			SI	SOCIETA' PER AZIONI MICHELIN ITALIANA S.A.M.I. CON SOCIO UNI	CORSO ROMANIA 546 10156 TORINO TO	https://www.aziende.it/societa-per-azioni-michelin-italiana	monitoraitalia.it
141	BRT S.P.A.	04507990150	SI		MI	1734257	SOCIETA' PER AZIONI	Piazzale Luigi Cadorna 4	20123	Milano	MI	Lombardia	24000000	49.41	Trasporto di merci su strada	Trasporti	22/03/2006	Attiva	1912619600	2024	3021	brt@pec.brt.eu	SI	BRT S.p.A.	PIAZZALE CADORNA 4 20123 MILANO MI	https://www.aziende.it/brt-s-p-a	monitoraitalia.it
142	PAM PANORAMA S.P.A.	02036440275	SI		VE	193934	Società per azioni	Via Del Commercio 27	30038	Spinea	VE	Veneto	51600000	47.11	Commercio al dettaglio in esercizi non specializzati con prevalenza di prodotti alimentari e bevande	Commercio	17/04/1986	Attiva	1911053200	2024	6409	pampanorama@pec.gruppopam.it	SI	PAM PANORAMA S.P.A.	VIA DEL COMMERCIO 27 30038 SPINEA VE	https://www.aziende.it/pam-panorama-s-p-a	monitoraitalia.it
143	IES ITALIANA ENERGIA E SERVIZI S.P.A.	03123470100	SI	00685490377	MN	167189	SOCIETA' PER AZIONI	Strada Cipata 79	46100	Mantova	MN	Lombardia	50000	19.2	FABBRICAZIONE DI PRODOTTI DERIVANTI DALLA RAFFINAZIONE DEL PETROLIO	Energia	15/11/1989	Attiva	1897036900	2024	89	direzione@pec.iesitaliana.it	SI	IES ITALIANA ENERGIA E SERVIZI S.P.A.	STRADA CIPATA 79 46100 MANTOVA MN	https://www.aziende.it/ies-italiana-energia-e-servizi-s-p-a	monitoraitalia.it
144	ALESSANDRO PATANE' S.R.L.	01943060598	SI	01943060598		133997	SOCIETA' A RESPONSABILITA' LIMITATA	VIA AMASENO 24	04100	LATINA	LT	Lazio	10000	629	Altre attivita' dei servizi connessi alle tecnologie dell'informazione e dell'informatica	Altri servizi	01/10/1999	Attivo	1890000000	2024	0		NO			https://www.aziende.it/alessandro-patane-srl	monitoraitalia.it
145	MICROSOFT S.R.L.	08106710158	SI	08106710158	MI	1207123	Società a Responsabilità Limitata	Viale Pasubio 21 - Microsoft House	20154	Milano	MI	Lombardia	520000	46.50.1	Commercio all'ingrosso di computer, unita' periferiche e software	Altri servizi	19/10/1987	Attiva	1883372000	2024	1041	microsoft@pec.microsoftpec.it	SI	MICROSOFT S.R.L.	VIALE PASUBIO 21 - MICROSOFT HOUSE 20154 MILANO MI	https://www.aziende.it/microsoft-s-r-l	monitoraitalia.it
146	ENEL GREEN POWER ITALIA S.R.L.	15416251005	SI	15416251005		1588939	SOCIETA' A RESPONSABILITA' LIMITATA	VIA LUIGI BOCCHERINI 15	00198	ROMA	RM	Lazio	272000000	3512	Produzione di energia elettrica da fonti rinnovabili	Energia	08/01/2020	Attiva	1869369000	2024	2720		NO			https://www.aziende.it/enel-green-power-italia-s-r-l	monitoraitalia.it
147	E.ON ENERGIA S.P.A.	03429130234	SI		MI	1786010	SOCIETA' PER AZIONI	Via Dell'unione 1	20122	Milano	MI	Lombardia	10000000	35.23	Commercio di gas distribuito mediante condotte	Energia	01/02/2005	Attiva	1857767500	2024	440	eonenergia@legalmail.it	SI	E.ON ENERGIA SPA	VIA DELL'UNIONE 1 20122 MILANO MI	https://www.aziende.it/e-on-energia-s-p-a	monitoraitalia.it
148	PHILIP MORRIS MANUFACTURING & TECHNOLOGY BOLOGNA S.P.A.	00737070151	SI	00737070151		601404	SOCIETA' PER AZIONI	PIAZZA BELGIOIOSO 2	20121	MILANO	MI	Lombardia	186000	12	Produzione di prodotti del tabacco	Manifatturiero	27/06/1962	Attivo	1847734800	2024	2351		SI	PHILIP MORRIS MANUFACTURING & TECHNOLOGY BOLOGNA S.P.A.	PIAZZA BELGIOIOSO 2 20121 MILANO MI	https://www.aziende.it/philip-morris-manufacturing-technology-bologna-s-p-a	monitoraitalia.it
149	BASF ITALIA S.P.A.	00688460963	SI	00717180152	MB	349252	SOCIETA' PER AZIONI	Via Marconato 8	20811	Cesano Maderno	MB	Lombardia	100000000	20.59.99	Fabbricazione di tutti gli altri prodotti chimici vari n.c.a.	Manifatturiero	26/09/1946	Attiva	1844007000	2024	1020	basfitalia.pec@legalmail.it	SI	BASF ITALIA S.P.A.	VIA MARCONATO 8 20811 CESANO MADERNO MB	https://www.aziende.it/basf-italia-s-p-a	monitoraitalia.it
150	EUROSPIN LAZIO S.P.A.	04766841003	SI	01679010593	LT	128943	Società per Azioni	Via Francesco Baracca 2/4/6	04011	Aprilia	LT	Lazio	5000000	47.11.02	Commercio al dettaglio non specializzato con prevalenza di altri prodotti alimentari, bevande o tabacchi	Commercio	01/10/1995	Attiva	1820667900	2024	4719	eurospin.lazio@pec.eurospin.com	SI	EUROSPIN LAZIO SPA	VIA FRANCESCO BARACCA 2/4/6 04011 APRILIA LT	https://www.aziende.it/eurospin-lazio-spa	monitoraitalia.it
151	ACEA ENERGIA S.P.A.	07305361003	SI	07305361003	RM	1024226	SOCIETA' PER AZIONI	Piazzale Ostiense 2	00154	Roma	RM	Lazio	10000000	35.15	Commercio di energia elettrica	Energia	18/12/2002	Attiva	1818312200	2024	350	ae.spa@pec.aceaspa.it	SI	ACEA ENERGIA SPA	VIA DELL' ARTE 73/77 00144 ROMA RM	https://www.aziende.it/acea-energia-s-p-a	monitoraitalia.it
152	SHELL ENERGY ITALIA S.R.L.	04522681008	SI	04522681008	MI	1780764	SOCIETA' A RESPONSABILITA' LIMITATA	Via Vittor Pisani 16	20124	Milano	MI	Lombardia	11888083	35.23	Commercio di gas distribuito mediante condotte	Energia	15/06/2005	Attiva	1817981800	2024	84	shell.energyitalia@legalmail.it	SI	SHELL ENERGY ITALIA SRL	VIA VITTOR PISANI 16 20124 MILANO MI	https://www.aziende.it/shell-energy-italia-s-r-l	monitoraitalia.it
153	FERRERO COMMERCIALE ITALIA S.R.L.. CON UNICO SOCIO	03629090048	SI	03629090048	CN	304909	SOCIETÀ A RESPONSABILITÀ LIMITATA	Piazzale Pietro Ferrero 1	12051	Alba	CN	Piemonte	20000000	46.36	Commercio all'ingrosso di zucchero, cioccolato, dolciumi e prodotti da forno	Manifatturiero	18/12/2015	Attiva	1817310100	2024	770	ferrerocommercialeitaliasrl@pec.ferrero.com	SI	FERRERO COMMERCIALE ITALIA S.R.L. CON UNICO SOCIO	PIAZZALE PIETRO FERRERO 1 12051 ALBA CN	https://www.aziende.it/ferrero-commerciale-italia-s-r-l	monitoraitalia.it
154	IREN ENERGIA S.P.A.	09357630012	SI	09357630012		1045119	SOCIETA' PER AZIONI	CORSO SVIZZERA 95	10143	TORINO	TO	Piemonte	918767148	432206		Energia	31/10/2006	Attiva	1803995900	2024			NO			https://www.aziende.it/iren-energia-s-p-a	monitoraitalia.it
155	TTEP ITALIA S.P.A.	13243061002	SI	13243061002	RM	1432101	Società per Azioni	Via Di San Basilio 72	00187	Roma	RM	Lazio	50000000	35.1	Produzione, Trasmissione E Distribuzione Di Energia Elettrica	Energia	2015	Attiva	1786091400	2024	172	epproduzione@pec.it	SI	TTEP ITALIA S.P.A.	VIA DI SAN BASILIO 72 00187 ROMA RM	https://www.aziende.it/ep-produzione-s-p-a	monitoraitalia.it
156	BRICOMAN ITALIA S.R.L.	05602670969	SI	05602670969	MI	1833919	Società a Responsabilità Limitata	Via Guglielmo Marconi 24	20089	Rozzano	MI	Lombardia	65000000	47.52.1	Commercio al dettaglio di ferramenta, vernici, vetro piano e materiale elettrico e termoidraulico	Commercio	17/07/2008	Attiva	1765700300	2024	5045	bricoman@pec.bricoman.it	SI	BRICOMAN ITALIA S.R.L.	VIA GUGLIELMO MARCONI 24 20089 ROZZANO MI	https://www.aziende.it/bricoman-italia-s-r-l	monitoraitalia.it
157	INALCA S.P.A.	02562260360	SI	01825020363	MO	311469	SOCIETA' PER AZIONI	Via Spilamberto 30/c	41014	Castelvetro di Modena	MO	Emilia-Romagna	187017167	10.1	LAVORAZIONE E CONSERVAZIONE DI CARNE E PRODUZIONE DI PRODOTTI A BASE DI CARNE	Manifatturiero	17/04/1989	Attiva	1749912100	2024	1072	inalca@pec.inalca.it	SI	INALCA S.P.A.	VIA SPILAMBERTO 30/C 41014 CASTELVETRO DI MODENA MO	https://www.aziende.it/inalca-societa-per-azioni	monitoraitalia.it
158	LEROY MERLIN ITALIA S.R.L.	05602710963	SI	05602710963	MI	1833923	SOCIETA' A RESPONSABILITA' LIMITATA	Strada 8 Palazzo N Snc	20089	Rozzano	MI	Lombardia	50000000	47.12.3	Commercio al dettaglio non specializzato con prevalenza di ferramenta, materiali da costruzione e piante	Commercio	01/04/2007	Attiva	1742875500	2024	8228	inbox@pec.leroymerlin.it	SI	LEROY MERLIN ITALIA S.R.L.	STRADA 8 PALAZZO N SNC 20089 ROZZANO MI	https://www.aziende.it/leroy-merlin-italia-s-r-l	monitoraitalia.it
159	ITALGAS RETI S.P.A.	00489490011	SI	00489490011		1082	SOCIETA' PER AZIONI	LARGO REGIO PARCO 11	10152	TORINO	TO	Piemonte	252263314	3521		Energia	26/04/1856	Attiva	1726107600	2024			NO			https://www.aziende.it/italgas-reti-spa	monitoraitalia.it
160	GI GROUP S.P.A.	11629770154	SI	11629770154		1482329	SOCIETA' PER AZIONI	PIAZZA QUATTRO NOVEMBRE 5	20124	MILANO	MI	Lombardia	20000000	782		Altri servizi	11/05/1998	Attiva	1725109200	2024			NO			https://www.aziende.it/gi-group-s-p-a	monitoraitalia.it
161	INDUSTRIES S.P.A.	04804070961	SI	04804070961	MI	1773341	SOCIETA' PER AZIONI	Via Enrico Stendhal 47	20144	Milano	MI	Lombardia	15000000	14.21.1	Fabbricazione in serie di abbigliamento esterno	Manifatturiero	01/05/2005	Attiva	1718529300	2024	1794	industries@legalmail.it	SI	INDUSTRIES S.P.A.	VIA STENDHAL 47 20144 MILANO MI	https://www.aziende.it/industries-s-p-a	monitoraitalia.it
162	SARLUX S.R.L.	02093140925	SI	02093140925		161819	SOCIETA' A RESPONSABILITA' LIMITATA	STRADA STATALE 195	09018	SARROCH	CA	Sardegna	100000000	19201		Petrolchimica	22/09/1993		1707937900	2024			NO			https://www.aziende.it/sarlux-s-r-l	monitoraitalia.it
163	GUCCI LOGISTICA S.P.A.	04773230489	SI	04773230489	FI	478423	SOCIETA' PER AZIONI	Via Don Lorenzo Perosi 6	50018	Scandicci	FI	Toscana	5304000	15.12	Fabbricazione di articoli da viaggio, borse e simili, pelletteria e selleria	Manifatturiero	06/12/1996	Attiva	1692043300	2024	1408	guccilogistica@pec.gucci.com	SI	GUCCI LOGISTICA SPA	VIA DON LORENZO PEROSI 6 50018 SCANDICCI FI	https://www.aziende.it/gucci-logistica-societa-per-azioni	monitoraitalia.it
164	HERA S.P.A.	04245520376	SI	04245520376		363550	SOCIETA' PER AZIONI	VIALE CARLO BERTI PICHAT 2/4	40127	BOLOGNA	BO	Emilia-Romagna	1489538745	36		Energia	01/01/1997	Attiva	1687599300	2024			NO			https://www.aziende.it/hera-s-p-a	monitoraitalia.it
165	CE.DI. GROS - SOCIETA' CONSORTILE A RESPONSABILITA' LIMITATA (IN BREVE CE.DI. GROS - S.C.A R.L..)	06564861000	SI	06564861000		976668	SOCIETA' CONSORTILE A RESPONSABILITA' LIMITATA	VIA DI TOR TRE TESTE 222	00155	ROMA	RM	Lazio	20000000	4638		Commercio	20/01/2002	Attiva	1666633400	2024			SI	CE.DI. GROS - SOCIETA' CONSORTILE A RESPONSABILITA' LIMITATA	VIA DI TOR TRE TESTE 222 00155 ROMA RM	https://www.aziende.it/ce-di-gros-s-c-a-r-l	monitoraitalia.it
166	LEASYS ITALIA S.P.A.	06714021000	SI	08083020019	TO	960205	SOCIETA' PER AZIONI	Corso Orbassano N 367	10137	Torino	TO	Piemonte	77979400	77.11	Noleggio di autovetture ed autoveicoli leggeri	Altri servizi	03/09/2001	Attiva	1660455300	2024	487	leasys@pec.fcagroup.com	SI	LEASYS ITALIA S.P.A	CORSO ORBASSANO N 367 10137 TORINO TO	https://www.aziende.it/leasys-s-p-a	monitoraitalia.it
167	PUBLITALIA 80 CONCESSIONARIA PUBBLICITA S.P.A.. E IN FORMA ABBREVIATA PUBLITALIA 80 S.P.A.	04529390157	SI	04529390157		1020976	SOCIETA' PER AZIONI	VIA PIETRO PALEOCAPA 0003	20121	MILANO	MI	Lombardia	52000000	7312		Altri servizi	13/09/1979	Attiva	1658635200	2024			SI	PUBLITALIA 80 SPA	VIA PALEOCAPA N 3 20121 MILANO MI	https://www.aziende.it/publitalia-80-s-p-a	monitoraitalia.it
168	MAGIS ENERGIA S.P.A.	02968430237	SI	02968430237		298474	SOCIETA' PER AZIONI	LUNGADIGE GALTAROSSA 8	37133	VERONA	VR	Veneto	5271481	351		Energia	28/09/1999	Attiva	1652267700	2024			SI	MAGIS ENERGIA S.P.A.	LUNGADIGE GALTAROSSA 8 37133 VERONA VR	https://www.aziende.it/magis-energia-s-p-a	monitoraitalia.it
169	ACQUIRENTE UNICO S.P.A.. IN FORMA ABBREVIATA AU S.P.A.	05877611003	SI	05877611003		932346	SOCIETA' PER AZIONI	VIA GUIDUBALDO DEL MONTE 45	00197	ROMA	RM	Lazio	7500000	3515		Energia	28/06/2002	Attiva	1638167600	2024			SI	ACQUIRENTE UNICO S.P.A.	VIA GUIDUBALDO DEL MONTE 45 00197 ROMA RM	https://www.aziende.it/acquirente-unico-s-p-a	aziende.it; monitoraitalia.it
170	REPOWER ITALIA S.P.A. A SOCIO UNI CO	00789540143	SI	00789540143	MI	1689851	Società per Azioni	Via Giulio Uberti 37	20129	Milano	MI	Lombardia	2000000	35.15	Commercio di energia elettrica	Energia	01/07/2002	Attiva	1634697800	2024	161	repower.it@pec.repower.com	SI	REPOWER ITALIA SPA A SOCIO UNI CO !!REZIA	VIA GIULIO UBERTI 37 20129 MILANO MI	https://www.aziende.it/repower-italia-s-p-a	monitoraitalia.it
171	SOCIETA' REGIONALE PER LA SANITA S.P.A.. IN BREVE SO.RE.S.A.S.P.A.	04786681215	SI	04786681215		713890	SOCIETA' PER AZIONI	CENTRO DIREZIONALE DI NAPOLI 3	80143	NAPOLI	NA	Campania	500000	84		Altri servizi	28/04/2004	Attiva	1611567000	2024			SI	'SOCIETA' REGIONALE PER LA SANITA' S.P.A.' IN BREVE SO.RE.SA	CENTRO DIREZIONALE DI NAPOLI IS G/3 80143 NAPOLI NA	https://www.aziende.it/societa-regionale-per-la-sanita-s-p-a	monitoraitalia.it
172	LORO PIANA S.P.A.	01611400027	SI	08075900152		151276	SOCIETA' PER AZIONI	Corso Rolandi 10	13017	Quarona	VC	Piemonte	40000000	14.1	Confezione di articoli di abbigliamento (escluso abbigliamento in pelliccia)	Manifatturiero	29/09/1988	Attiva	1609456200	2024			SI	LORO PIANA S.P.A.	CORSO ROLANDI 10 13017 QUARONA VC	https://www.aziende.it/loro-piana-s-p-a	monitoraitalia.it
173	TD SYNNEX ITALY S.R.L.	07092780159	SI	07092780159		1141341	SOCIETA' A RESPONSABILITA' LIMITATA	VIA LUIGI RUSSOLO 9	20138	MILANO	MI	Lombardia	12569000	581	Edizione di libri, quotidiani e altre attivita' editoriali, esclusa l'edizione di software	Altri servizi	09/09/1983	Attivo	1603284500	2024	350		SI	TD SYNNEX ITALY S.R.L.	VIA LUIGI RUSSOLO 9 20138 MILANO MI	https://www.aziende.it/tech-data-italia-srl	monitoraitalia.it
174	GE AVIO S.R.L.	10898340012	SI	10898340012	TO	1170622	SOCIETA' A RESPONSABILITA' LIMITATA	Via I Maggio 99	10040	Rivalta di Torino	TO	Piemonte	40000000	30.3	FABBRICAZIONE DI AEROMOBILI, DI VEICOLI SPAZIALI E DEI RELATIVI DISPOSITIVI	Manifatturiero	01/08/2013	Attiva	1601451500	2024	4814	ge-avio@pec.avioaero.com	SI	GE AVIO S.R.L.	VIA I MAGGIO 99 10040 RIVALTA DI TORINO TO	https://www.aziende.it/ge-avio-s-r-l	monitoraitalia.it
175	PENNY MARKET S.R.L.	12619750156	SI	12619750156	MI	1569749	SOCIETA' A RESPONSABILITA' LIMITATA	Strada Padana Superiore 11 2/b	20063	Cernusco Sul Naviglio	MI	Lombardia	6305000	47.11.02	Commercio al dettaglio non specializzato con prevalenza di altri prodotti alimentari, bevande o tabacchi	Commercio	08/01/2005	Attiva	1600000000	2024	5059	pennymarket@pec.it	SI	PENNY MARKET SRL	STRADA PADANA SUPERIORE 11 2/B, 20063 CERNUSCO SUL NAVIGLIO MI	https://www.aziende.it/penny-market-s-r-l	monitoraitalia.it
176	IP SERVICES S.R.L.	06303151002	SI	06303151002	RM	959233	SOCIETA' A RESPONSABILITA' LIMITATA	Via Salaria 1322	00138	Roma	RM	Lazio	100000	47.3	COMMERCIO AL DETTAGLIO DI CARBURANTE PER AUTOTRAZIONE IN ESERCIZI SPECIALIZZATI	Petrolchimica	16/02/2002	Attiva	1595436300	2024	1	ipservices@pec.gruppoapi.com	SI	IP SERVICES S.R.L.	VIA SALARIA 1322 00138 ROMA RM	https://www.aziende.it/ip-services-s-r-l	monitoraitalia.it
177	CREDITO EMILIANO S.P.A.. ABBREVIABILE IN CREDEMBANCA E IN CREDEM	00766790356	SI	01806740153		219769	SOCIETA' PER AZIONI	VIA EMILIA A SAN PIETRO 4	42121	REGGIO NELL'EMILIA	RE	Emilia-Romagna	341320065	64191		Finanza	11/10/1997	Attiva	1564200000	2024			NO			https://www.ufficiocamerale.it/7468/credito-emiliano-spa-abbreviabile-in-credembanca-e-in-credem	monitoraitalia.it
178	ALPERIA TRADING S.R.L.	03008510210	SI	03008510210	BZ	224069	Societa' a Responsabilita' Limitata	Via Dodiciville 8	39100	Bolzano	BZ	Trentino-Alto Adige	10000000	35.15	Commercio di energia elettrica	Energia	09/10/2018	Attiva	1556703900	2024	37	trading@pec.alperia.eu	SI	ALPERIA TRADING SRL	VIA DODICIVILLE 8 39100 BOLZANO .BOZEN. BZ	https://www.aziende.it/alperia-trading-srl	monitoraitalia.it
179	ALPHA TRADING S.P.A.	11879090154	SI	02677440105	MI	1503124	SOCIETA' PER AZIONI	Piazza Della Repubblica 26	20124	Milano	MI	Lombardia	25000000	46.81	Commercio all'ingrosso di combustibili solidi, liquidi, gassosi e di prodotti derivati	Petrolchimica	30/04/1996	Attiva	1555691400	2024	66	alphatrading@pec.alphatrading.it	SI	ALPHA TRADING S.P.A.	PIAZZA DELLA REPUBBLICA 26, 20124 MILANO MI	https://www.aziende.it/alpha-trading-s-p-a	monitoraitalia.it
180	UNILEVER ITALIA MKT. OPERATIONS S.R.L. - FATTA PRECISAZIONE CHE DETTA DENOMINAZIONE POTRA ESSERE SCRITTA CON O SENZA IL PUNTO DOPO LA PAROLA MKT	06397510964	SI	06397510964		1222746	SOCIETA' A RESPONSABILITA' LIMITATA	VIA PAOLO DI DONO 3/A	00142	ROMA	RM	Lazio	25000000	469		Manifatturiero	01/01/2009	Attiva	1550360900	2024			SI	UNILEVER ITALIA MKT OPERATIONS S.R.L.	VIA PAOLO DI DONO 3/A 00142 ROMA RM	https://www.ufficiocamerale.it/7372/unilever-italia-mkt-operations-srl-fatta-precisazione-che-dett-a-denominazione-potra-essere-scritta-con-o-senza-il-punto-dopo-la-parola-mkt	monitoraitalia.it
181	IPERAL SUPERMERCATI S.P.A.	11023300962	SI	11023300962	SO	77908	SOCIETA' PER AZIONI	Via La Rosa 354	23010	Piantedo	SO	Lombardia	12000000	47.11.02	Commercio al dettaglio non specializzato con prevalenza di altri prodotti alimentari, bevande o tabacchi	Commercio	01/01/2020	Attiva	1545442700	2024	4990	iperalsupermercati@legalmail.it	SI	IPERAL SUPERMERCATI S.P.A.	VIA LA ROSA 354 23010 PIANTEDO SO	https://www.aziende.it/iperal-supermercati-s-p-a	monitoraitalia.it
182	DHL EXPRESS (ITALY) S.R.L.	04209680158	SI	04209680158	MI	996661	SOCIETA' A RESPONSABILITA' LIMITATA	Via Lombardia 2/a Loc San Bovio	20068	Peschiera Borromeo	MI	Lombardia	2500000	52.29.1	Spedizionieri e agenzie di operazioni doganali	Trasporti	14/06/1979	Attiva	1543871700	2024			SI	DHL EXPRESS (ITALY) SRL	VIA LOMBARDIA 2/A LOC SAN BOVIO 20068 PESCHIERA BORROMEO MI	https://www.aziende.it/dhl-express-italy-s-r-l	monitoraitalia.it
183	RETI TELEVISIVE ITALIANE S.P.A.. ED IN FORMA ABBREVIATA R.T.I. S.P.A.	03976881007	SI	06921720154		719963	SOCIETA' PER AZIONI	Viale Europa 46	20093	Cologno Monzese	MI	Lombardia	500000007	601	Attivita' di trasmissione radiofonica e distribuzione di audio	Telecomunicazioni	14/01/1983	Attiva	1541705800	2024	2277		SI	RTI SPA	VIALE EUROPA 46 20093 COLOGNO MONZESE MI	https://www.ufficiocamerale.it/3856/reti-televisive-italiane-spa-ed-in-forma-abbreviata-rti-sp-a	monitoraitalia.it
184	IRIS MOBILI - S.R.L.	06888411003	SI	06888411003	RM	996266	SOCIETA' A RESPONSABILITA' LIMITATA	Via Gregorio Vii 474	00165	Roma	RM	Lazio	112500	47.55.1	Commercio al dettaglio di mobili per la casa	Manifatturiero	24/06/2004	Attiva	1534041500	2024	4318	mc.iris@pec.it	SI	IRIS MOBILI - S.R.L.	VIA GREGORIO VII 474 00165 ROMA RM	https://www.aziende.it/iris-mobili-s-r-l	monitoraitalia.it
185	MARCEGAGLIA SPECIALTIES S.P.A.	02466230204	SI	02466230204	MN	255217	SOCIETA' PER AZIONI	Via Bresciani 16	46040	Gazoldo degli Ippoliti	MN	Lombardia	131100000	24.20.2	Fabbricazione di tubi e condotti saldati e simili	Manifatturiero	01/11/2015	Attiva	1530202700	2024	594	specialties@pec.marcegaglia.com	SI	MARCEGAGLIA SPECIALTIES SPA	VIA BRESCIANI 16 46040 GAZOLDO DEGLI IPPOLITI MN	https://www.aziende.it/marcegaglia-specialties-s-p-a	monitoraitalia.it
186	COOPERATIVA ESERCENTI FARMACIA SOC. COOP. A R.L. CON SIGLA CEF	00272680174	SI	00272680174		52900	SOCIETA' COOPERATIVA	VIA ACHILLE GRANDI 18	25125	BRESCIA	BS	Lombardia	34077609	46461	Commercio all'ingrosso di prodotti farmaceutici di base e di preparati farmaceutici	Commercio	11/02/1935	Attiva	1529261300	2024	447		SI	COOPERATIVA ESERCENTI FARMACIA SOC. COOP. A R.L. CON SIGLA C	VIA A GRANDI 18 25125 BRESCIA BS	https://www.ufficiocamerale.it/5057/cooperativa-esercenti-farmacia-soc-coop-a-rl-con-sigla-cef	monitoraitalia.it
187	CANDY HOOVER GROUP S.R.L.	00786860965	SI	04666310158	MB	1033934	Societa' a Responsabilita' Limitata	Via Comolli N 57	20861	Brugherio	MB	Lombardia	35000000	27.51	Fabbricazione di apparecchiature elettriche ed apparecchiature per uso domestico non elettriche	Manifatturiero	14/03/1980	Attiva	1528632000	2024	899	candyhoovergroupsrl@legalmail.it	SI	CANDY HOOVER GROUP SRL	VIA COMOLLI N 57 20861 BRUGHERIO MB	https://www.aziende.it/candy-hoover-group-s-r-l	monitoraitalia.it
188	OVS S.P.A.	04240010274	SI	04240010274	VE	378007	SOCIETA' PER AZIONI	Via Terraglio 17	30174	Venezia	VE	Veneto	290923470	47.12	Commercio al dettaglio non specializzato di altri prodotti	Manifatturiero	01/08/2014	Attiva	1526336800	2024	8273	ovs@pec.ovs.it	SI	OVS S.P.A.	VIA TERRAGLIO 17 30174 VENEZIA VE	https://www.aziende.it/ovs-spa	monitoraitalia.it
189	MANPOWER S.R.L.	11947650153	SI	11947650153		1513904	SOCIETA' A RESPONSABILITA' LIMITATA	VIA GIOACCHINO ROSSINI 6/8	20122	MILANO	MI	Lombardia	40000000	782		Altri servizi	23/12/1997	Attivo	1520562400	2024			NO			https://www.ufficiocamerale.it/4238/manpower-srl	monitoraitalia.it
190	DALMINE S.P.A.	02149710168	SI	00680620150	BG	122	SOCIETA' PER AZIONI	Piazza Caduti 6 Luglio 1944 N 1	24044	Dalmine	BG	Lombardia	108214327	24.20.1	Fabbricazione di tubi e condotti senza saldatura	Manifatturiero	09/02/2016	Attiva	1519207800	2024	2094	tenarisdalmine@pec.dalminespa.it	SI	DALMINE S.P.A.	PIAZZA CADULI 6 LUGLIO 1944 N 1 24044 DALMINE BG	https://www.aziende.it/dalmine-s-p-a	monitoraitalia.it
191	SUPERMERCATI TOSANO CEREA S.R.L.	01286680234	SI	01286680234	VR	172058	SOCIETA' A RESPONSABILITA' LIMITATA	Via Palesella 1	37053	Cerea	VR	Veneto	10000000	47.11	Commercio al dettaglio in esercizi non specializzati con prevalenza di prodotti alimentari e bevande	Commercio		Attiva	1513728500	2024	5407	supermercatitosano@pec.it	SI	SUPERMERCATI TOSANO CEREA SRL	VIA PALESELLA 1 37053 CEREA VR	https://www.aziende.it/supermercati-tosano-cerea-s-r-l	monitoraitalia.it
192	BANCA POPOLARE DI SONDRIO SOCIETA' PER AZIONI	00053810149	SI	00053810149		3167	SOCIETA' PER AZIONI	PIAZZA GIUSEPPE GARIBALDI 16	23100	SONDRIO	SO	Lombardia	1360157331	64191	Altre intermediazioni monetarie fornite da istituti monetari diversi dalla banca centrale	Finanza	03/01/2018		1510000000	2024	3159		NO			https://www.ufficiocamerale.it/9683/banca-popolare-di-sondrio-societa-cooperativa-per-azioni	monitoraitalia.it
193	DOLOMITI ENERGIA TRADING S.P.A.	03027910235	SI	03027910235	TN	223573	SOCIETA' PER AZIONI	Via Fersina 23	38123	Trento	TN	Trentino-Alto Adige	2478429	35.15	Commercio di energia elettrica	Energia	05/03/2011	Attiva	1509800200	2024	28	info.trading@cert.dolomitienergia.it	SI	DOLOMITI ENERGIA TRADING SPA	VIA FERSINA 23 38123 TRENTO TN	https://www.aziende.it/dolomiti-energia-trading-s-p-a	monitoraitalia.it
194	SANOFI S.R.L. A SOCIO UNICO	00832400154	SI		MI	264689	SOCIETA' A RESPONSABILITA' LIMITATA	Viale Luigi Bodio 37/b	20158	Milano	MI	Lombardia	202279195	21.20.09	Fabbricazione di medicinali ed altri preparati farmaceutici	Manifatturiero	04/08/1938	Attiva	1508161400	2024	1463	sanofi@pec.it	SI	SANOFI SRL A SOCIO UNICO	VIALE LUIGI BODIO 37/B, 20158 MILANO MI	https://www.aziende.it/sanofi-s-r-l	monitoraitalia.it
195	ALSTOM FERROVIARIA S.P.A.	02791070044	SI	07984290010	CN	236229	SOCIETA' PER AZIONI	Via Ottavio Moreno 23	12038	Savigliano	CN	Piemonte	240000000	30.2	COSTRUZIONE DI LOCOMOTIVE E DI MATERIALE ROTABILE FERRO-TRANVIARIO	Manifatturiero	18/10/2000	Attiva	1483096800	2024	3193	alstomferroviaria.pec@actaliscertymail.it	SI	ALSTOM FERROVIARIA S.P.A.	VIA OTTAVIO MORENO 23 12038 SAVIGLIANO CN	https://www.aziende.it/alstom-ferroviaria-s-p-a	monitoraitalia.it
196	LUXOTTICA S.R.L.	00064820251	SI	00064820251	BL	31933	Societa' a Responsabilita' Limitata	Via Leonardo Del Vecchio 1	32021	Agordo	BL	Veneto	10100000	32.50.4	Fabbricazione di lenti oftalmiche	Manifatturiero	01/06/1961	Attiva	1457818600	2024	8984	luxotticasrl@legalmail.it	SI	LUXOTTICA S.R.L.	VIA LEONARDO DEL VECCHIO 1, 32021 AGORDO BL	https://www.aziende.it/luxottica-s-r-l	monitoraitalia.it
197	FEDEX EXPRESS ITALY S.R.L.	09399880153	SI	01273040129				VIA ALTIERO SPINELLI 1	20068	PESCHIERA BORROMEO	MI	Lombardia				Trasporti			1456944500	2024			SI	FEDEX EXPRESS ITALY SRL	VIA ALTIERO SPINELLI 1 20068 PESCHIERA BORROMEO MI	https://www.fedex.com/it-it/terms-of-use.html	monitoraitalia.it
198	AGORA' NETWORK SOCIETA' CONSORTILE A R.L	13211090157	SI	13211090157	MI	1625886	SOCIETA' CONSORTILE A RESPONSABILITA' LIMITATA	Via Bernina 12	20158	Milano	MI	Lombardia	3000000	46.19.04	Gruppi di acquisto; mandatari agli acquisti; buyer	Commercio	01/10/2000	Attiva	1455975300	2024			SI	AGORA' NETWORK S.C.A.R.L.	VIA BERNINA N 12 20158 MILANO MI	https://www.aziende.it/agora-network-societa-consortile-a-r-l	monitoraitalia.it
199	DECATHLON ITALIA S.R.L.	11005760159	SI	11005760159	MB	1370021	Societa' a Responsabilita' Limitata	Viale Valassina 268	20851	Lissone	MB	Lombardia	12500000	47.63.2	Commercio al dettaglio di biciclette e altre attrezzature sportive	Commercio	01/01/1995	Attiva	1455012200	2024	7928	decathlonitalia@pec.it	SI	DECATHLON ITALIA S.R.L.	VIALE VALASSINA 268 20851 LISSONE MB	https://www.aziende.it/decathlon-italia-s-r-l	monitoraitalia.it
200	LUKOIL ITALIA S.R.L.	10246551005	SI	10246551005	RM	1220274	Societa' a Responsabilita' Limitata con Unico Socio	Via Leonida Bissolati 20	00187	Roma	RM	Lazio	10000	46.81	Commercio all'ingrosso di combustibili solidi, liquidi, gassosi e di prodotti derivati	Petrolchimica	31/03/2009	Attiva	1449487100	2024	20	amministrazione@pec.lukoilitalia.it	SI	LUKOIL ITALIA S.R.L.	VIA LEONIDA BISSOLATI 20, 00187 ROMA RM	https://www.aziende.it/lukoil-italia-s-r-l	monitoraitalia.it
201	NOVARTIS FARMA S.P.A. CON SOCIO UNICO	02385200122	SI	07195130153	VA	252021	Società per Azioni	Viale Luigi Sturzo 43	20154	Milano	MI	Lombardia	18200000	21.1	Fabbricazione di prodotti farmaceutici di base e di preparati farmaceutici	Manifatturiero	24/11/1983	Attiva	1447724000	2024	1602	novartisfarma@legalmail.it	SI	NOVARTIS FARMA SPA CON SOCIO UNICO	VIALE LUIGI STURZO 43, 20154 MILANO MI	https://www.aziende.it/novartis-farma-spa	monitoraitalia.it
202	SPAM S.R.L.. - SERVICES POUR L'ACTIVITE MINIERE	02107060515	SI	02107060515		162233	SOCIETA' A RESPONSABILITA' LIMITATA	LOCALITA' CECILIANO LA CHIANICELLA 27	52100	AREZZO	AR	Toscana	55000	32122	Fabbricazione di gioielli e articoli di oreficeria in metalli preziosi	Manifatturiero	05/02/2018	Attiva	1443004100	2024	6		SI	SPAM SRL	VIA LA CHIANICELLA 27 52100 AREZZO AR	https://www.ufficiocamerale.it/7058/spam-srl-services-pour-lactivite-miniere	monitoraitalia.it
203	IPLOM S.P.A.	11616440159	SI	02242120109	GE	258932	SOCIETA' PER AZIONI	Via Carlo Navone 3/b	16012	Busalla	GE	Liguria	85000000	19.20.1	FABBRICAZIONE DI COKE E PRODOTTI DERIVANTI DALLA RAFFINAZIONE DEL PETROLIO	Petrolchimica	01/01/1981	Attiva	1442958600	2024	261	iplomspa@legalmail.it	SI	IPLOM S.P.A.	VIA CARLO NAVONE 3/B 16012 BUSALLA GE	https://www.aziende.it/iplom-s-p-a	monitoraitalia.it
204	GIORGIO ARMANI S.P.A.	02342990153	SI	02342990153	MI	919502	SOCIETA' PER AZIONI	Via Borgonuovo 11	20121	Milano	MI	Lombardia	10000000	74.11	Attivita' di progettazione di prodotti industriali e di moda	Manifatturiero	24/07/1975	Attiva	1440274100	2024	1105	amministrazione.ga@pec.giorgioarmani.it	SI	GIORGIO ARMANI S.P.A.	VIA BORGONUOVO 11 20121 MILANO MI	https://www.aziende.it/giorgio-armani-s-p-a	monitoraitalia.it
205	STELLANTIS &YOU ITALIA S.P.A.	07016530011	SI	07016530011	TO	829989	SOCIETA' PER AZIONI	Corso Giovanni Agnelli 200	10135	Torino	TO	Piemonte	5000000	47	COMMERCIO AL DETTAGLIO (ESCLUSO QUELLO DI AUTOVEICOLI E DI MOTOCICLI)	Manifatturiero	01/02/2003	Attiva	1436010300	2024	852	stellantisandyouitalia@pec.fcagroup.com	SI	STELLANTIS &YOU ITALIA S.P.A.	C SO G AGNELLI 200 10135 TORINO TO	https://www.aziende.it/stellantis-you-italia-s-p-a	monitoraitalia.it
206	ALPERIA SMART SERVICES S.R.L.	01745520211	SI	01745520211	BZ	161225	SOCIETA' A RESPONSABILITA' LIMITATA	Via Dodiciville 8	39100	Bolzano	BZ	Trentino-Alto Adige	11100000	35.15	Commercio di energia elettrica	Energia	04/01/2000	Attiva	1415572400	2024	215	smartservices@pec.alperia.eu	SI	ALPERIA SMART SERVICES SRL	VIA DODICIVILLE 8 39100 BOLZANO .BOZEN. BZ	https://www.aziende.it/alperia-smart-services-srl	monitoraitalia.it
207	IN'S MERCATO S.P.A.	02896940273	SI		VE	236782	SOCIETA' PER AZIONI	Via Ist S Maria Della Pieta' 6	30173	Venezia	VE	Veneto	2863800	47.11.02	Commercio al dettaglio non specializzato con prevalenza di altri prodotti alimentari, bevande o tabacchi	Commercio	17/06/1994	Attiva	1412818000	2024	4183	insmercato@pec.insmercato.it	SI	IN'S MERCATO S.P.A.	VIA IST S MARIA DELLA PIETA' 6 30173 VENEZIA VE	https://www.aziende.it/in-s-mercato-s-p-a	monitoraitalia.it
208	I.M.A. INDUSTRIA MACCHINE AUTOMATICHE S.P.A.	00500931209	SI	00307140376		149288		VIA EMILIA 428-442	40064	OZZANO DELL'EMILIA	BO	Emilia-Romagna	22470504.68			Manifatturiero			1405540200	2024			SI	I.M.A. INDUSTRIA MACCHINE AUTOMATICHE S.P.A.	VIA EMILIA 428-442 40064 OZZANO DELL'EMILIA BO	https://imagroup.com/	monitoraitalia.it
209	ALPITOUR S.P.A.	02486000041	SI	02933920015	TO	908257	Società per Azioni	Via Ernesto Lugaro 15	10126	Torino	TO	Piemonte	91262014	79.12	Attività dei tour operator	Altri servizi	17/06/1985	Attiva	1403805500	2024	1225	alpitour@awcert.it	SI	ALPITOUR SPA	VIA ERNESTO LUGARO 15 10126 TORINO TO	https://www.aziende.it/alpitour-s-p-a	monitoraitalia.it
210	AMAZON ITALIA TRANSPORT S.R.L.	09598330968	SI	09598330968	MI	2100932	SOCIETA' A RESPONSABILITA' LIMITATA	Viale Monte Grappa 3/5	20124	Milano	MI	Lombardia	10000	52.25.09	Altri servizi di logistica	Trasporti	01/12/2016	Attiva	1400040000	2024	4152	amazonitaliatransport@legalmail.it	SI	AMAZON ITALIA TRANSPORT S.R.L.	VIALE MONTE GRAPPA 3/5 20124 MILANO MI	https://www.aziende.it/amazon-italia-transport-s-r-l	monitoraitalia.it
211	CONAD CENTRO NORD SOC. COOP.VA	01751820356	SI	01751820356	RE	220500	SOCIETA' COOPERATIVA	Via Kennedy 5	42040	Campegine	RE	Emilia-Romagna	54207461	46.19.04	Gruppi di acquisto; mandatari agli acquisti; buyer	Commercio	01/01/1999	Attiva	1383344600	2024			SI	CONAD CENTRO NORD SOC. COOP.VA	VIA KENNEDY 5 42040 CAMPEGINE RE	https://www.aziende.it/conad-centro-nord-societa-cooperativa	monitoraitalia.it
212	CEREAL DOCKS S.P.A.	02218040240	SI	02218040240	VI	215209	SOCIETA' PER AZIONI	Via Dell'innovazione 1	36043	Camisano Vicentino	VI	Veneto	10000000	10.41.2	Produzione di olio raffinato o grezzo da semi oleosi o frutti oleosi prevalentemente non di produzione propria	Manifatturiero	10/10/1991	Attiva	1379653900	2024	215	cerealdocksspa@pec.resnova.it	SI	CEREAL DOCKS S.P.A.	VIA DELL'INNOVAZIONE 1 36043 CAMISANO VICENTINO VI	https://www.aziende.it/cereal-docks-s-p-a	monitoraitalia.it
213	ENI GLOBAL ENERGY MARKETS S.P.A.	11076280962	SI	11076280962	RM	1609166	SOCIETA' PER AZIONI	Piazzale Enrico Mattei 1	00144	Roma	RM	Lazio	41233720	35.23	Commercio di gas distribuito mediante condotte	Altri servizi	01/01/2021	Attiva	1374890900	2024	13	eniglobalenergymarkets@pec.eni.com	SI	ENI GLOBAL ENERGY MARKETS SPA	PIAZZALE ENRICO MATTEI 1 00144 ROMA RM	https://www.aziende.it/eni-global-energy-markets-s-p-a	monitoraitalia.it
214	SONEPAR ITALIA S.P.A.	00825330285	SI	00825330285	PD	155585	SOCIETA' PER AZIONI	Riviera Maestri Del Lavoro 24	35127	Padova	PD	Veneto	28000000	46.47.3	Commercio all'ingrosso di articoli per l'illuminazione; materiale elettrico vario per uso domestico	Commercio	05/09/1979	Attiva	1366759200	2024	1816	soneparitalia@legalmail.it	SI	SONEPAR ITALIA S.P.A.	RIVIERA MAESTRI DEL LAVORO 24 35127 PADOVA PD	https://www.aziende.it/sonepar-italia-s-p-a	monitoraitalia.it
215	ALI' S.P.A.. (SOCIO UNICO)	00348980285	SI	00348980285	PD	119674	SOCIETA' PER AZIONI	Via Olanda 2	35127	Padova	PD	Veneto	20000000	47.11.02	Commercio al dettaglio non specializzato con prevalenza di altri prodotti alimentari, bevande o tabacchi	Commercio	06/11/2008	Attiva	1365197000	2024	4977	alispa@legalmail.it	SI	ALI' S.P.A. (SOCIO UNICO)	VIA OLANDA 2 35127 PADOVA PD	https://www.aziende.it/ali-s-p-a	monitoraitalia.it
216	DIMAR S.P.A.	00294760046	SI	00294760046	CN	95819	SOCIETA' PER AZIONI	Via Cuneo 34 - Frazione Roreto	12062	Cherasco	CN	Piemonte	153000	46.9	COMMERCIO ALL'INGROSSO NON SPECIALIZZATO	Commercio	20/05/1975	Attiva	1359867600	2024	4463	dimarspa@pec.it	SI	DIMAR S.P.A.	VIA CUNEO 34 - FRAZIONE RORETO 12062 CHERASCO CN	https://www.aziende.it/dimar-s-p-a	monitoraitalia.it
217	DANIELI & C. OFFICINE MECCANICHE S.P.A.. IN FORMA ABBREVIATA ANCHE DANIELI & C. S.P.A.	00167460302	SI	00167460302		84904	SOCIETA' PER AZIONI	VIA NAZIONALE 41	33042	BUTTRIO	UD	Friuli-Venezia Giulia	81304566	2891		Manifatturiero	27/03/1962	Attiva	1345043100	2024			SI	DANIELI & C. OFFICINE MECCANICHE S.P.A. IN FORMA ABBREVIATA	VIA NAZIONALE 41 33042 BUTTRIO UD	https://www.ufficiocamerale.it/4154/danieli-c-officine-meccaniche-spa-in-forma-abbreviata-anche-danieli-c-spa	monitoraitalia.it
218	CASILLO SOCIETA' PER AZIONI	00252860721	SI	00252860721		34452	SOCIETA' PER AZIONI	VIA SANT ELIA ZONA INDUSTRIALE	70033	CORATO	BA	Puglia	101401800	106111		Manifatturiero	01/12/2020		1341024600	2024			SI	CASILLO SOCIETA' PER AZIONI	VIA SANT'ELIA ZONA INDUSTRIALE 70033 CORATO BA	https://www.ufficiocamerale.it/8938/molino-casillo-societa-per-azioni	monitoraitalia.it
219	SERVIZI IN RETE 2001 S.R.L.	09251361003	SI	09251361003	RM	1150834	SOCIETA' A RESPONSABILITA' LIMITATA	Via Leopoldo Serra 32	00153	Roma	RM	Lazio	25000000	82.99.99	Altri servizi di sostegno alle imprese nca	Commercio	18/12/2006	Attiva	1336008800	2024	55	serviziinrete2001@pec.tabaccai.it	SI	SERVIZI IN RETE 2001 S.R.L.	VIA LEOPOLDO SERRA 32 00153 ROMA RM	https://www.aziende.it/servizi-in-rete-2001-s-r-l	monitoraitalia.it
220	ALPIQ ENERGIA ITALIA S.P.A.	12930940155	SI	12930940155	MI	1597456	Società per Azioni	Via Marostica 1	20146	Milano	MI	Lombardia	13000000	35.1	PRODUZIONE, TRASMISSIONE E DISTRIBUZIONE DI ENERGIA ELETTRICA	Energia	28/08/2001	Attiva	1328351100	2024	119	alpiqenergia@pec.alpiq.com	SI	ALPIQ ENERGIA ITALIA SPA	VIA MAROSTICA 1 20146 MILANO MI	https://www.aziende.it/alpiq-energia-italia-s-p-a	monitoraitalia.it
221	JANSSEN-CILAG S.P.A.	02707070963	SI	00962280590	MI	1454254	SOCIETA' PER AZIONI	Viale Fulvio Testi 280/6	20126	Milano	MI	Lombardia	25000000	46.46	Commercio all'ingrosso di prodotti farmaceutici	Manifatturiero	01/01/1983	Attiva	1324935600	2024	1429	janssen@pec.actalis.it	SI	JANSSEN-CILAG SPA	VIALE FULVIO TESTI 280/6 20126 MILANO MI	https://www.aziende.it/janssen-cilag-s-p-a	monitoraitalia.it
222	CCI COLATACONTINUAITALIANA S.P.A.	05055530157	SI	05055530157	CR	124750	SOCIETA' PER AZIONI	Via Regona 3	26026	Pizzighettone	CR	Lombardia	1000000	24.44	Produzione di rame	Metallurgia	27/09/1990	Attiva	1320122500	2024	178	info@pec.cci.eu	SI	CCI COLATACONTINUAITALIANA S.P.A.	VIA REGONA 3, 26026 PIZZIGHETTONE CR	https://www.aziende.it/carlo-colombo-s-p-a	monitoraitalia.it
223	SIEMENS S.P.A.	00751160151	SI	00751160151	MI	1629493	Società per Azioni con Socio Unico	Via Vipiteno 4	20128	Milano	MI	Lombardia	65000000	46.5	Commercio all'ingrosso di apparecchiature ICT	Manifatturiero	23/01/1959	Attiva	1317427600	2024	1497	siemens_spa@pec.siemens.it	SI	SIEMENS SPA	VIA VIPITENO 4 20128 MILANO MI	https://www.aziende.it/siemens-s-p-a	monitoraitalia.it
224	GAZPROM ITALIA S.P.A.	10888880159	SI	10888880159	MI	1417540	SOCIETA' PER AZIONI	Via Boncompagni 60	20139	Milano	MI	Lombardia	516500	46.81	Commercio all'ingrosso di combustibili solidi, liquidi, gassosi e di prodotti derivati	Petrolchimica	10/07/1993	Attiva	1299674000	2024	6	d.averkin@pec.gazpromitalia.it	SI	GAZPROM ITALIA SPA	VIA BONCOMPAGNI 60 20139 MILANO MI	https://www.aziende.it/gazprom-italia-s-p-a	monitoraitalia.it
225	YOOX S.P.A.	02050461207	SI	02050461207		1656860	SOCIETA' PER AZIONI	VIA MORIMONDO 17	20143	MILANO	MI	Lombardia	1384207	47125		Commercio	17/04/2000	Attiva	1293817000	2024			SI	YOOX S.P.A. CON SOCIO UNICO	VIA MORIMONDO N 17 20143 MILANO MI	https://www.ufficiocamerale.it/2171/yoox-net-a-porter-group-spa-o-in-forma-abbreviata-ynap-spa	monitoraitalia.it
226	TIGROS S.P.A.	04040240121	SI	04040240121	VA	397466	SOCIETA' PER AZIONI	Via Del Lavoro 45	21048	Solbiate Arno	VA	Lombardia	6500000	47.11.02	Commercio al dettaglio non specializzato con prevalenza di altri prodotti alimentari, bevande o tabacchi	Commercio	01/01/2025	Attiva	1291992000	2024		tigros.spa@pec.it	SI	TIGROS S.P.A.	VIA DEL LAVORO 45 21048 SOLBIATE ARNO VA	https://www.aziende.it/tigros-s-p-a	monitoraitalia.it
227	FINECOBANK BANCA FINECO S.P.A.	12962340159	SI	01392970404	MI	1598155	SOCIETA' PER AZIONI	Piazza Francesco Durante N 11	20131	Milano	MI	Lombardia	201923898	64.19.1	Intermediazione monetaria di istituti monetari diverse dalle Banche centrali	Finanza	20/06/1996	Attiva	1291200000	2024	1381	finecobankspa.pec@pec.finecobank.com	SI	FINECOBANK BANCA FINECO S.P.A.	PIAZZA FRANCESCO DURANTE N 11 20131 MILANO MI	https://www.aziende.it/finecobank-banca-fineco-s-p-a	monitoraitalia.it
228	AEROPORTI DI ROMA S.P.A. IN FORMA ABBREVIATA ADR S.P.A.	06572251004	SI	13032990155		971268	SOCIETA' PER AZIONI	VIA PIER PAOLO RACCHETTI 1	00054	FIUMICINO	RM	Lazio	62224743	5223		Trasporti	25/01/2000	Attiva	1289226000	2024			SI	'AEROPORTI DI ROMA S.P.A' IN FORMA ABBREVIATA 'ADR S.P.A'	VIA PIER PAOLO RACCHETTI 1 00054 FIUMICINO RM	https://www.ufficiocamerale.it/4681/aeroporti-di-roma-spa-in-forma-abbreviata-adr-spa	monitoraitalia.it
229	COCA-COLA HBC ITALIA S.R.L.	12363410155	SI	12363410155	MI	1551603	SOCIETA' A RESPONSABILITA' LIMITATA	Piazza Indro Montanelli 30	20099	Sesto San Giovanni	MI	Lombardia	172000000	11.07	Industria delle bibite analcoliche, delle acque minerali e di altre acque in bottiglia	Manifatturiero	12/04/1999	Attiva	1288484700	2024	2118	cchbci@legalmail.it	SI	COCA-COLA HBC ITALIA SRL	PIAZZA INDRO MONTANELLI 30, 20099 SESTO SAN GIOVANNI MI	https://www.aziende.it/coca-cola-hbc-italia-s-r-l	monitoraitalia.it
230	ALD AUTOMOTIVE ITALIA S.R.L.	01924961004	SI		RM	636604	SOCIETA' A RESPONSABILITA' LIMITATA	Viale Luca Gaurico 187	00143	Roma	RM	Lazio	140400000	77.11	Noleggio di autovetture ed autoveicoli leggeri	Altri servizi	10/10/1991	Attiva	1277940200	2024	1141	aldautomotiveitalia@arubapec.it	SI	ALD AUTOMOTIVE ITALIA S.R.L.	VIALE LUCA GAURICO 187 00143 ROMA RM	https://www.aziende.it/ald-automotive-italia-s-r-l	monitoraitalia.it
231	ARCELORMITTAL COMMERCIAL ITALY S.R.L.	00947260154	SI		MI	1893090	Societa' a Responsabilita' Limitata	Via Luigi Russolo 9	20138	Milano	MI	Lombardia	50000	46.82.1	Commercio all'ingrosso di metalli e minerali metalliferi ferrosi	Metallurgia	20/09/2004	Attiva	1259548100	2024	68	amcli@cgn.legalmail.it	SI	ARCELORMITTAL COMMERCIAL ITALY SRL	VIA LUIGI RUSSOLO 9, 20138 MILANO MI	https://www.aziende.it/arcelormittal-commercial-italy-srl	monitoraitalia.it
232	CONAD ADRIATICO SOCIETA' COOPERATIVA	00105820443	SI	00105820443	AP	69878	SOCIETA' COOPERATIVA	Via Manzoni S N	63077	Monsampolo Del Tronto	AP	Marche		46.39.2	Commercio all'ingrosso non specializzato di altri prodotti alimentari, bevande e tabacco	Commercio	15/05/1972	Attiva	1258413900	2024			SI	CONAD ADRIATICO SOCIETA' COOPERATIVA	VIA MANZONI S N, 63077 MONSAMPOLO DEL TRONTO AP	https://www.aziende.it/conad-adriatico-societa-cooperativa	monitoraitalia.it
233	ACCIAIERIE BERTOLI SAFAU S.P.A.	00162880306	SI	00218360303	UD	29233	SOCIETA' PER AZIONI	Via Buttrio 28	33050	Pozzuolo del Friuli	UD	Friuli-Venezia Giulia	290000000	24.1	SIDERURGIA	Metallurgia	08/09/1937	Attiva	1257013900	2024	1245	absacciai@legalmail.it	SI	ACCIAIERIE BERTOLI SAFAU S.P.A.	VIA BUTTRIO 28 33050 POZZUOLO DEL FRIULI UD	https://www.aziende.it/acciaierie-bertoli-safau-s-p-a	aziende.it; monitoraitalia.it
234	BREMBO N.V	00222620163	SI	00222620163	BG	134667	SOCIETA' COSTITUITA IN BASE A LEGGI DI ALTRO STATO	Via Stezzano N 87	24126	Bergamo	BG	Lombardia	16172500	29.32	Fabbricazione di altre parti ed accessori per autoveicoli	Manifatturiero	1961	Attiva	1253763700	2024	3435		SI	BREMBO N.V.	VIA STEZZANO N 87, 24126 BERGAMO BG	https://www.aziende.it/brembo-s-p-a	monitoraitalia.it
235	FERRIERE NORD S.P.A.	00163780307	SI	00163780307	UD	117431	SOCIETA' PER AZIONI	Zona Industriale Rivoli Snc	33010	Osoppo	UD	Friuli-Venezia Giulia	60000000	24.1	SIDERURGIA	Metallurgia	05/11/1971	Attiva	1252258400	2024	741	ferrierenordspa@legalmail.it	SI	FERRIERE NORD S.P.A.	ZONA INDUSTRIALE RIVOLI SNC 33010 OSOPPO UD	https://www.aziende.it/ferriere-nord-s-p-a	monitoraitalia.it
236	GRANAROLO S.P.A.. IN SIGLA G. S.P.A.	04119190371	SI	01660360601		341290	SOCIETA' PER AZIONI	VIA CADRIANO 27/2	40127	BOLOGNA	BO	Emilia-Romagna	208981938	10511	Trattamento igienico del latte	Manifatturiero	04/02/1992	Attiva	1246106000	2024	1312		SI	GRANAROLO S.P.A.	VIA CADRIANO 27/2 40127 BOLOGNA BO	https://www.ufficiocamerale.it/6520/granarolo-spa-in-siglag-spa	monitoraitalia.it
237	ALFASIGMA S.P.A.	03432221202	SI	03432221202	BO	518521	SOCIETA' PER AZIONI	Via Ragazzi Del 99 5	40133	Bologna	BO	Emilia-Romagna	10000000	21.20.09	Fabbricazione di medicinali ed altri preparati farmaceutici	Manifatturiero	13/01/2015	Attiva	1243930900	2024	1444	alfasigmaspa@legalmail.it	SI	ALFASIGMA S.P.A.	VIA RAGAZZI DEL 99 5 40133 BOLOGNA BO	https://www.aziende.it/alfasigma-s-p-a	monitoraitalia.it
238	EUROSPIN TIRRENICA S.P.A.	02049850544	SI	02049850544	PG	176352	SOCIETA' PER AZIONI	Via Della Chiocana 3	06063	Magione	PG	Umbria	5000000	47.11.02	Commercio al dettaglio non specializzato con prevalenza di altri prodotti alimentari, bevande o tabacchi	Commercio	23/10/1994	Attiva	1238970700	2024	2677	eurospin.tirrenica@pec.eurospin.com	SI	EUROSPIN TIRRENICA S.P.A.	VIA DELLA CHIOCANA 3 06063 MAGIONE PG	https://www.aziende.it/eurospin-tirrenica-s-p-a	monitoraitalia.it
239	ESTENERGY - SOCIETA' PER AZIONI	00997630322	SI	00997630322		116591	SOCIETA' PER AZIONI	VIA DEI RETTORI 1	34121	TRIESTE	TS	Friuli-Venezia Giulia	299925761	3523	Commercio di gas distribuito mediante condotte	Energia	01/02/2001	Attiva	1237204000	2024	252		NO			https://www.ufficiocamerale.it/5396/estenergy-societa-per-azioni	monitoraitalia.it
240	MAGAZZINI GABRIELLI S.P.A.	00103300448	SI	00103300448	AP	531	SOCIETA' PER AZIONI	Localita' Monticelli	63100	Ascoli Piceno	AP	Marche	320781	46.9	COMMERCIO ALL'INGROSSO NON SPECIALIZZATO	Commercio		Attiva	1236521300	2024	2705	magazzinigabrielli@pec.trustedmail.intesa.it	SI	MAGAZZINI GABRIELLI S.P.A.	LOCALITA' MONTICELLI 63100 ASCOLI PICENO AP	https://www.aziende.it/magazzini-gabrielli-s-p-a	monitoraitalia.it
241	AZIMUT - BENETTI S.P.A.	01390230462	SI	00986700011	LU	123566	SOCIETA' PER AZIONI	Via Michele Coppino N 104	55049	Viareggio	LU	Toscana	9166798	30.12	Costruzione di imbarcazioni da diporto e sportive	Manifatturiero		Attiva	1224982900	2024	1781	statutory.tax@azimut.telecompost.it	SI	AZIMUT - BENETTI S.P.A.	VIA MICHELE COPPINO N 104 55049 VIAREGGIO LU	https://www.aziende.it/azimut-benetti-s-p-a	monitoraitalia.it
242	CVA ENERGIE S.R.L.	01032450072	SI	01032450072	AO	62517	Societa' a Responsabilita' Limitata	Via Stazione 31	11024	Chatillon	AO	Valle d'Aosta	3000000	35.15	Commercio di energia elettrica	Energia	27/04/2007	Attiva	1223430200	2024	63	cvaenergiesrl@pec.cvaspa.it	SI	CVA ENERGIE S.R.L.	VIA STAZIONE 31 11024 CHATILLON AO	https://www.aziende.it/cva-energie-s-r-l	monitoraitalia.it
243	DOMPE' FARMACEUTICI S.P.A. CON SOCIO UNICO	00791570153	SI		MI	289519	Societa' Per Azioni	Via San Martino 12	20122	Milano	MI	Lombardia	50000000	21.20.09	Fabbricazione di medicinali ed altri preparati farmaceutici	Manifatturiero	14/11/1940	Attiva	1222759300	2024	468	dirammfin@pec.dompe.it	SI	DOMPE' FARMACEUTICI SPA CON SOCIO UNICO	VIA SAN MARTINO 12 20122 MILANO MI	https://www.aziende.it/dompe-farmaceutici-s-p-a	monitoraitalia.it
244	FRATELLI ARENA S.R.L.	00097560866	SI	00097560866	EN	27632	Societa' a Responsabilita' Limitata	Via Calabria 16	94019	Valguarnera Caropepe	EN	Sicilia	10060000	47.11	Commercio al dettaglio in esercizi non specializzati con prevalenza di prodotti alimentari e bevande	Commercio	30/04/1990	Attiva	1221088000	2024	2570	fratelliarena@pec.it	SI	FRATELLI ARENA SRL	VIA CALABRIA 16 94019 VALGUARNERA CAROPEPE EN	https://www.aziende.it/fratelli-arena-srl	monitoraitalia.it
245	BENNET S.P.A.	07071700152	SI		MI	1137002	SOCIETA' PER AZIONI	Via Carlo Goldoni 11	20129	Milano	MI	Lombardia	12310020	47.11.02	Commercio al dettaglio non specializzato con prevalenza di altri prodotti alimentari, bevande o tabacchi	Commercio	29/06/1987	Attiva	1217189000	2024	4769	bennet@pec.bennet.com	SI	BENNET SPA	VIA CARLO GOLDONI 11 20129 MILANO MI	https://www.aziende.it/bennet-s-p-a	monitoraitalia.it
246	REPOWER VENDITA ITALIA S.P.A.. - IN FORMA ABBREVIATA REPOWER S.P.A.	13181080154	SI	13181080154		1623367	SOCIETA' PER AZIONI	VIA GIULIO UBERTI 37	20129	MILANO	MI	Lombardia	4000000	3515	Commercio di energia elettrica	Energia	15/10/2000	Attivo	1210280900	2024	39		SI	REPOWER VENDITA ITALIA S.P.A.	VIA UBERTI GIULIO 37 20129 MILANO MI	https://www.ufficiocamerale.it/6358/repower-vendita-italia-spa-in-forma-abbreviata-repower-spa	monitoraitalia.it
247	SANPELLEGRINO S.P.A.. (OVVERO IN FORMA ABBREVIATA SA.PE. S.P.A..)	00753740158	SI	00753740158		2188	SOCIETA' PER AZIONI	LOCALITA' RUSPINO	24016	SAN PELLEGRINO TERME	BG	Lombardia	58742145	1107	Produzione di bibite analcoliche e di acque in bottiglia	Manifatturiero	21/05/1899	Attiva	1196909600	2024	1601		SI	SANPELLEGRINO S.P.A. (OVVERO IN FORMA ABBREVIATA 'SA.PE. S.P	LOCALITA' RUSPINO - 24016 SAN PELLEGRINO TERME BG	https://www.ufficiocamerale.it/3274/sanpellegrino-spa-ovvero-in-forma-abbreviata-sape-spa	monitoraitalia.it
248	RIALTO S.P.A.	05849840151	SI	05849840151	MI	1041959	SOCIETA' PER AZIONI	Via Clerici 342	20091	Bresso	MI	Lombardia	20250000	47.11.02	Commercio al dettaglio non specializzato con prevalenza di altri prodotti alimentari, bevande o tabacchi	Commercio	23/05/1980	Attiva	1195225300	2024	4825	rialto@legalmail.it	SI	RIALTO S.P.A.	VIA CLERICI 342 20091 BRESSO MI	https://www.aziende.it/rialto-s-p-a	monitoraitalia.it
249	BTICINO S.P.A.	10991860155	SI	10991860155	VA	237038	SOCIETA' PER AZIONI	Viale Borri N 231	21100	Varese	VA	Lombardia	98800000	27.12	Fabbricazione di apparecchiature per le reti di distribuzione e il controllo dell'elettricita'	Manifatturiero	01/08/1994	Attiva	1184537500	2024	2704	amministrazione@pec.bticino.it	SI	BTICINO S.P.A.	VIALE BORRI N 231 21100 VARESE VA	https://www.aziende.it/bticino-s-p-a	monitoraitalia.it
250	CESAR S.P.A.	00239870686	SI	00239870686	PE	48064	Societa' per Azioni	Strada Lungofino 189	65013	Citta' Sant'Angelo	PE	Abruzzo	3000000	46.44.4	Commercio all'ingrosso di coltelleria, posateria e pentolame	Commercio	23/02/2004	Attiva	1177492700	2024	5742	cesarspa@pec.it	SI	CESAR S.P.A.	STRADA LUNGOFINO 189 65013 CITTA' SANT'ANGELO PE	https://www.aziende.it/cesar-s-p-a	monitoraitalia.it
251	DOLOMITI ENERGIA MERCATO S.P.A.	01812630224	SI	01812630224		179426	SOCIETA' PER AZIONI	VIA FERSINA 23	38123	TRENTO	TN	Trentino-Alto Adige	20440936	3515	Commercio di energia elettrica	Energia	01/01/2003	Attiva	1175152300	2024	225	dolomiti.energia@legalmail.infocert.it	SI	DOLOMITI ENERGIA MERCATO S.P.A.	VIA FERSINA 23 38123 TRENTO TN	https://www.ufficiocamerale.it/7633/dolomiti-energia-societa-per-azioni	monitoraitalia.it
252	NOVA COOP SOCIETA' COOPERATIVA	01314250034	SI	01314250034	VC	155262	SOCIETA' COOPERATIVA	Via Nelson Mandela 4	13100	Vercelli	VC	Piemonte		47.11.2	Supermercati	Commercio	01/01/1990	Attiva	1174101900	2024			SI	NOVA COOP SOCIETA' COOPERATIVA	VIA NELSON MANDELA 4 13100 VERCELLI VC	https://www.aziende.it/nova-coop-societa-cooperativa	monitoraitalia.it
253	SDA EXPRESS COURIER S.P.A.. IN FORMA BREVE SDA S.P.A.	05714511002	SI	02335990541		906440	Societa' per Azioni	Viale Europa 175	00144	Roma	RM	Lazio	5000000	532	Altre attivita' postali e di corriere	Trasporti	18/12/1998	Attiva	1173057500	2024	1306	sda@pec.sda.it	SI	SDA EXPRESS COURIER S.P.A. IN FORMA BREVE SDA S.P.A.	VIALE EUROPA 175 00144 ROMA RM	https://www.ufficiocamerale.it/8248/sda-express-courier-spa-in-forma-breve-sda-spa	monitoraitalia.it
254	SAME DEUTZ-FAHR ITALIA S.P.A.	00778780163	SI	00778780163	BG	171846	SOCIETA' PER AZIONI	Viale F Cassani 15	24047	Treviglio	BG	Lombardia	18000000	28.30.1	Fabbricazione di trattori agricoli	Manifatturiero	04/10/1978	Attiva	1167507900	2024	1264	mail@sdfipec.telecompost.it	SI	SAME DEUTZ-FAHR ITALIA S.P.A.	VIALE F CASSANI 15 24047 TREVIGLIO BG	https://www.aziende.it/same-deutz-fahr-italia-s-p-a	monitoraitalia.it
255	JAGUAR LAND ROVER ITALIA S.P.A.	06070621005	SI		RM	944215	Societa' per Azioni	Viale Alessandro Marchetti 105	00148	Roma	RM	Lazio	65000000	46.71.1	Commercio all'ingrosso di automobili e autoveicoli leggeri	Manifatturiero	10/05/2000	Attiva	1167061100	2024	123	jlrinfo@legalmail.it	SI	JAGUAR LAND ROVER ITALIA SPA	VIALE ALESSANDRO MARCHETTI 105, 00148 ROMA RM	https://www.aziende.it/jaguar-land-rover-italia-s-p-a	aziende.it; monitoraitalia.it
256	ITINERA S.P.A.	01668980061	SI				SOCIETA' PER AZIONI	Via Balustra 15	15057	Tortona	AL	Piemonte	232834000	42.11	Costruzione di strade e autostrade	Costruzioni			1158595400	2024			SI	ITINERA S.P.A.	VIA BALUSTRA 15 15057 TORTONA AL	https://www.aziende.it/itinera-s-p-a	monitoraitalia.it
257	ILIAD ITALIA S.P.A.	13970161009	SI	13970161009	MI	2126511	SOCIETA' PER AZIONI	Viale Francesco Restelli 1/a	20124	Milano	MI	Lombardia	350000000	61.1	TELECOMUNICAZIONI FISSE	Telecomunicazioni	25/10/2017	Attiva	1157377100	2024	995	iliaditaliaspa@legalmail.it	SI	ILIAD ITALIA S.P.A.	VIALE FRANCESCO RESTELLI 1/A 20124 MILANO MI	https://www.aziende.it/iliad-italia-s-p-a	monitoraitalia.it
258	NOVA AEG S.P.A.	02616630022	SI	02616630022	VC	198079	SOCIETA' PER AZIONI	Via Nelson Mandela 4	13100	Vercelli	VC	Piemonte	10000000	35.15	Commercio di energia elettrica	Energia	06/06/2016	Attiva	1156718900	2024	62	infonovaaeg@pec.it	SI	NOVA AEG S.P.A.	VIA NELSON MANDELA 4, 13100 VERCELLI VC	https://www.aziende.it/nova-aeg-s-p-a	monitoraitalia.it
259	EUROSPIN SICILIA S.P.A.	03653460877	SI		CT	246846	Societa' per Azioni	Strada Statale 114 - Km 107 73 S	95121	Catania	CT	Sicilia	5000000	47.11.02	Commercio al dettaglio non specializzato con prevalenza di altri prodotti alimentari, bevande o tabacchi	Commercio	27/07/2000	Attiva	1156248400	2024	3337	eurospin.sicilia@pec.eurospin.com	SI	EUROSPIN SICILIA SPA	STRADA STATALE 114 - KM 107 73 S 95121 CATANIA CT	https://www.aziende.it/eurospin-sicilia-spa	monitoraitalia.it
260	BMW ITALIA RETAIL S.R.L.	12487810157	SI	12487810157	MI	1561104	SOCIETA' A RESPONSABILITA' LIMITATA	Via Salaria 1268	00138	Roma	RM	Lazio	1000000	47.81.1	Commercio al dettaglio di automobili e autoveicoli leggeri	Manifatturiero	01/07/2019	Attiva	1155005600	2024	237	amministrazione.bmwroma@bmwcert.it	SI	BMW ITALIA RETAIL S.R.L.	VIA SALARIA 1268 00138 ROMA RM	https://www.aziende.it/bmw-italia-retail-s-r-l	monitoraitalia.it
261	EGIDIO GALBANI SOCIETA' A RESPONSABILITA' LIMITATA IN BREVE EGIDIO GALBANI S.R.L.. O E.GA. S.R.L.	03419280965	SI	03419280965		1672952	Societa' a Responsabilita' Limitata	Largo Tazio Nuvolari 1	20143	Milano	MI	Lombardia	10000000	10512	Produzione di derivati del latte	Manifatturiero	02/05/2002	Attivo	1133832500	2024	1431		NO			https://www.ufficiocamerale.it/3590/egidio-galbani-srl	monitoraitalia.it
262	DOLCE & GABBANA S.R.L.	09297890155	SI		MI	1286913	SOCIETA' A RESPONSABILITA' LIMITATA	Via Carlo Goldoni 10	20129	Milano	MI	Lombardia	1120000	14.2	CONFEZIONE DI ARTICOLI IN PELLICCIA	Manifatturiero	18/05/1988	Attiva	1129600600	2024	2762	amministrazione.dolcegabbana@legalmail.it	SI	DOLCE & GABBANA S.R.L.	VIA CARLO GOLDONI 10 20129 MILANO MI	https://www.aziende.it/dolce-gabbana-s-r-l	monitoraitalia.it
263	FERRETTI S.P.A.	04485970968	SI	04485970968	RN	296608	Societa' per Azioni	Via Irma Bandiera 62	47841	Cattolica	RN	Emilia-Romagna	338482654	30.12	Costruzione di imbarcazioni da diporto e sportive	Manifatturiero	16/07/2004	Attiva	1128994000	2024	1743	ferrettispa@pec.it	SI	FERRETTI S.P.A.	VIA IRMA BANDIERA 62 47841 CATTOLICA RN	https://www.aziende.it/ferretti-s-p-a	monitoraitalia.it
264	FATER S.P.A.	01282360682	SI	01323030690	PE	81248	Societa' per Azioni	Via Mare Adriatico 122	65010	Spoltore	PE	Abruzzo	68412542	17.22	Fabbricazione di prodotti igienico-sanitari e per uso domestico in carta e ovatta di cellulosa	Manifatturiero	28/09/1990	Attiva	1107924000	2024	1746	fater@pec-fater.it	SI	FATER S.P.A.	VIA MARE ADRIATICO 122 65010 SPOLTORE PE	https://www.aziende.it/fater-s-p-a	monitoraitalia.it
265	MERCK SERONO S.P.A.	00880701008	SI		RM	12329	SOCIETA' PER AZIONI	Via Flaminia 970 972	00189	Roma	RM	Lazio	656250	21.20.09	Fabbricazione di medicinali ed altri preparati farmaceutici	Manifatturiero	10/03/1906	Attiva	1102010200	2024	987	merckserono@legalmail.it	SI	MERCK SERONO S.P.A.	VIA FLAMINIA 970 972, 00189 ROMA RM	https://www.aziende.it/merck-serono-s-p-a	monitoraitalia.it
266	BONATTI S.P.A.	00765080346	SI		PR	130274	Societa' per Azioni	Via Alfred Bernhard Nobel 2/a	43122	Parma	PR	Emilia-Romagna	70696792	42.21	Costruzione di opere di pubblica utilita' per il trasporto di fluidi	Costruzioni	14/05/1975	Attiva	1100313800	2024	801	bonattispa@pec.bonatti-group.com	SI	BONATTI S.P.A.	VIA NOBEL N 2/A 43122 PARMA PR	https://www.aziende.it/bonatti-s-p-a	monitoraitalia.it; topaziende.quotidiano.net
267	BUNGE ITALIA S.P.A.	01532980388	SI	01532980388	RA	168289	SOCIETA' PER AZIONI	Via Baiona 203	48123	Ravenna	RA	Emilia-Romagna	15543853	10.41.2	Produzione di olio raffinato o grezzo da semi oleosi o frutti oleosi prevalentemente non di produzione propria	Manifatturiero	01/06/2001	Attiva	1096437600	2024	161	bungeitalia@pec.it	SI	BUNGE ITALIA SPA	VIA BAIONA 203 48123 RAVENNA RA	https://www.aziende.it/bunge-italia-s-p-a	monitoraitalia.it
268	UNOENERGY SOCIETA' PER AZIONI	01368720080	SI				SOCIETA' PER AZIONI	Corso Cavallotti 30	18038	Sanremo	IM	Liguria	50000000	35.23	Commercio di gas distribuito mediante condotte	Energia	16/08/2004	Attiva	1095506300	2024		segreteria@pec.unoenergy.it	SI	UNOENERGY SOCIETA' PER AZIONI	CORSO CAVALLOTTI 30 18038 SANREMO IM	https://www.aziende.it/unoenergy-societa-per-azioni	monitoraitalia.it; topaziende.quotidiano.net
269	PIAGGIO & C. S.P.A.	01551260506	SI	04773200011	PI	134077	SOCIETA' PER AZIONI	Viale Rinaldo Piaggio 25	56025	Pontedera	PI	Toscana	207613944	30.91.12	Fabbricazione di motocicli	Manifatturiero	15/12/2000	Attiva	1095135000	2024	2983	piaggiogroup.corporate.governance@legalmail.it	SI	PIAGGIO & C. S.P.A.	VIALE RINALDO PIAGGIO 25 56025 PONTEDERA PI	https://www.aziende.it/piaggio-c-s-p-a	monitoraitalia.it
270	AMAZON ITALIA LOGISTICA S.R.L.	07231660965	SI		MI	1945153	SOCIETA' A RESPONSABILITA' LIMITATA	Viale Monte Grappa 3/5	20124	Milano	MI	Lombardia	10000	52.25.09	Altri servizi di logistica	Trasporti	01/05/2011	Attiva	1095126800	2024	11767	amazonitalialogistica@legalmail.it	SI	AMAZON ITALIA LOGISTICA S.R.L.	VIALE MONTE GRAPPA 3/5, 20124 MILANO MI	https://www.aziende.it/amazon-italia-logistica-s-r-l	monitoraitalia.it
271	ACCIAIERIE VENETE S.P.A.	00224180281	SI		PD	95084	SOCIETA' PER AZIONI	Riviera Francia 9	35127	Padova	PD	Veneto	126000000	24.1	SIDERURGIA	Metallurgia	01/06/1990	Attiva	1094139600	2024	1456	accven.amministrazione@legalmail.it	SI	ACCIAIERIE VENETE S.P.A.	RIVIERA FRANCIA 9, 35127 PADOVA PD	https://www.aziende.it/acciaierie-venete-s-p-a	monitoraitalia.it
272	KIA ITALIA S.R.L.	07369940965	SI	07369940965	MI	1953920	SOCIETA' A RESPONSABILITA' LIMITATA	Via Gattamelata 34	20149	Milano	MI	Lombardia	20000000	47.83.1	Commercio al dettaglio di motocicli	Manifatturiero	15/04/2011	Attiva	1089851400	2024	131	finance@pec.kia.it	SI	KIA ITALIA S.R.L.	VIA GATTAMELATA 34 20149 MILANO MI	https://www.aziende.it/kia-italia-s-r-l	monitoraitalia.it
273	SAFIMET S.P.A.. SOCIETA' BENEFIT	01668080516	SI	01668080516		130038	Societa' per Azioni	LOCALITA' SAN ZENO 63/E	52100	AREZZO	AR	Toscana	8000000	2441	Produzione di metalli preziosi	Metallurgia	01/03/2001	Attiva	1089468900	2024	74	safimet@legalmail.it	SI	SAFIMET S.P.A. SOCIETA' BENEFIT	LOCALITA' SAN ZENO 63/E 52100 AREZZO AR	https://www.ufficiocamerale.it/3818/safimet-spa	monitoraitalia.it
274	UNES MAXI S.P.A.	07515280159	SI		MI	1168008	Societa' per Azioni	Via Marco Ulpio Traiano 57	20149	Milano	MI	Lombardia	50000000	47.11.02	Commercio al dettaglio non specializzato con prevalenza di altri prodotti alimentari, bevande o tabacchi	Commercio	21/02/1989	Attiva	1085773800	2024	3528	unesmaxi@legalmail.it	SI	UNES MAXI S.P.A.	VIA MARCO ULPIO TRAIANO 57, 20149 MILANO MI	https://www.aziende.it/unes-maxi-s-p-a	monitoraitalia.it
275	ELECTROLUX ITALIA S.P.A.	00065130932	SI	00065130932	PN	5030	Societa' per Azioni	Corso Lino Zanussi 24	33080	Porcia	PN	Friuli-Venezia Giulia	121440868	27.51	Fabbricazione di apparecchiature elettriche ed apparecchiature per uso domestico non elettriche	Manifatturiero	16/04/1952	Attiva	1084625200	2024	4420	electroluxitaliapec@electroluxpec.it	SI	ELECTROLUX ITALIA S.P.A.	CORSO LINO ZANUSSI 24 33080 PORCIA PN	https://www.aziende.it/electrolux-italia-s-p-a	monitoraitalia.it
276	WORLD FUEL SERVICES ITALY S.R.L.	09407430967	SI	09407430967	MI	2088064	Società a Responsabilità Limitata	Corso Vercelli 40	20145	Milano	MI	Lombardia	13849006	52.23	Attività dei servizi connessi al trasporto aereo	Altri servizi	17/01/2017	Attiva	1082336000	2024	30	wfsitaly@legalmail.it	SI	WORLD FUEL SERVICES ITALY S.R.L.	CORSO VERCELLI 40 20145 MILANO MI	https://www.aziende.it/world-fuel-services-italy-s-r-l	monitoraitalia.it
277	INFINEUM ITALIA S.R.L.	12640380155	SI	12640380155	SV	127666	SOCIETA' A RESPONSABILITA' LIMITATA	Strada Di Scorrimento 2	17047	Vado Ligure	SV	Liguria	20000000	20.59.99	Fabbricazione di tutti gli altri prodotti chimici vari n.c.a.	Manifatturiero	31/12/1998	Attiva	1080950700	2024	242	amministrazione.infineum@legalmail.it	SI	INFINEUM ITALIA S.R.L.	STRADA DI SCORRIMENTO 2 17047 VADO LIGURE SV	https://www.aziende.it/infineum-italia-s-r-l	monitoraitalia.it
278	DAVIDE CAMPARI - MILANO N.V	06672120158	SI	06672120158		1112227	SOCIETA' COSTITUITA IN BASE A LEGGI DI ALTRO STATO	VIA SACCHETTI 20	20099	SESTO SAN GIOVANNI	MI	Lombardia	51600000	1101	Distillazione, rettifica e miscelatura di alcolici	Manifatturiero	16/09/1982	Attiva	1075900000	2024	1118		SI	DAVIDE CAMPARI MILANO N.V.	VIA SACCHETTI N 20 20099 SESTO SAN GIOVANNI MI	https://www.ufficiocamerale.it/7860/davide-campari-milano-nv	monitoraitalia.it
279	EUROSPIN PUGLIA S.P.A.	03117590756	SI	03117590756	BR	102372	SOCIETA' PER AZIONI	Contrada Cornacchia S P Torchiarolo	72027	San Pietro Vernotico	BR	Puglia	5000000	47.11.02	Commercio al dettaglio non specializzato con prevalenza di altri prodotti alimentari, bevande o tabacchi	Commercio	14/03/1997	Attiva	1073143600	2024	3017	eurospin.puglia@pec.eurospin.com	SI	EUROSPIN PUGLIA S.P.A.	CONTRADA CORNACCHIA S P TORCHIAROLO 72027 SAN PIETRO VERNOTICO BR	https://www.aziende.it/eurospin-puglia-s-p-a	monitoraitalia.it
280	POSTEPAY S.P.A.	06874351007	SI	06874351007	RM	995573	SOCIETA' PER AZIONI	Viale Europa 190	00144	Roma	RM	Lazio	7561191	64.19.2	Fondi comuni di investimento monetario	Finanza	03/11/2007	Attiva	1067662300	2024	419	postepay@pec.posteitaliane.it	SI	POSTEPAY S.P.A.	VIALE EUROPA 190, 00144 ROMA RM	https://www.aziende.it/postepay-s-p-a	monitoraitalia.it
281	SOGEI - SOCIETA' GENERALE D'INFORMATICA - S.P.A.. E IN FORMA ABBREVIATA SOGEI S.P.A.	01043931003	SI	02327910580		407760	SOCIETA' PER AZIONI CON SOCIO UNICO	VIA MARIO CARUCCI 99	00143	ROMA	RM	Lazio	28830000	629009	Altre attivita' dei servizi connessi alle tecnologie dell'informazione	Altri servizi	28/05/1976	Attiva	1067127700	2024	2771		SI	SOGEI - SOCIETA' GENERAL D'INFORMATICA SPA	VIA MARIO CARUCCI 99 00143 ROMA RM	https://www.ufficiocamerale.it/2321/sogei-societa-generale-dinformatica-spa-e-in-forma-abbreviata-sogei-spa	monitoraitalia.it
282	SASOL ITALY S.P.A.	04758570826	SI				SOCIETA' PER AZIONI	Viale Enrico Forlanini 23	20134	Milano	MI	Lombardia	22600000	20.14.09	Fabbricazione di altri prodotti chimici di base organici nca	Fabbricazione di prodotti chimici organici			1056162293	2024			SI	SASOL ITALY SPA	VIALE ENRICO FORLANINI 23 20134 MILANO MI	https://www.aziende.it/sasol-italy-s-p-a	topaziende.quotidiano.net
283	MAX MARA S.R.L.	01397620350	SI		RE	182471	SOCIETA' A RESPONSABILITA' LIMITATA	Via Giulia Maramotti 4	42124	Reggio nell'Emilia	RE	Emilia-Romagna	13000000	14.21.1	Fabbricazione in serie di abbigliamento esterno	Manifatturiero		Attiva	1053360928	2024	985	maxmara@legalmail.it	SI	MAX MARA S.R.L.	VIA GIULIA MARAMOTTI 4, 42124 REGGIO NELL'EMILIA RE	https://www.aziende.it/max-mara-s-r-l	monitoraitalia.it; topaziende.quotidiano.net
284	PARMALAT S.P.A.. IN FORMA ABBREVIATA PLT S.P.A.	04030970968	SI	04030970968		1790186	SOCIETA' PER AZIONI	LARGO TAZIO NUVOLARI 1	20143	MILANO	MI	Lombardia	1940000000	10512	Produzione di derivati del latte	Manifatturiero	01/10/2005	Attiva	1051022100	2024	1438		SI	PARMALAT S.P.A. IN FORMA ABBREVIATA 'PLT S.P.A.'	LARGO TAZIO NUVOLARI 1 20143 MILANO MI	https://www.ufficiocamerale.it/6823/parmalat-spa-in-forma-abbreviata-plt-spa	monitoraitalia.it; topaziende.quotidiano.net
285	TOD'S S.P.A.	01113570442	SI	01113570442	FM	114030	SOCIETA' PER AZIONI	Via Filippo Della Valle 1	63811	Sant'Elpidio a Mare	FM	Marche	66187078	15.20.1	Fabbricazione di calzature	Manifatturiero		Attiva	1046895000	2024	2342	todsspa@pec.todsgroup.com	SI	TOD'S S.P.A.	VIA FILIPPO DELLA VALLE 1 63811 SANT'ELPIDIO A MARE FM	https://www.aziende.it/tod-s-s-p-a	monitoraitalia.it; topaziende.quotidiano.net
286	THALES ALENIA SPACE ITALIA S.P.A.	00991340969	SI		RM	1068540	SOCIETA' PER AZIONI	Via Saccomuro 24	00131	Roma	RM	Lazio	204007999	30.3	FABBRICAZIONE DI AEROMOBILI, DI VEICOLI SPAZIALI E DEI RELATIVI DISPOSITIVI	Manifatturiero	25/02/1987	Attiva	1046452330	2024	2923	thalesaleniaspaceitalia@pec.it	SI	THALES ALENIA SPACE ITALIA S.P.A.	VIA SACCOMURO 24 00131 ROMA RM	https://www.aziende.it/thales-alenia-space-italia-s-p-a	aziende.it; monitoraitalia.it
287	MET ENERGIA ITALIA S.P.A.	09985750968	SI	09985750968	MI	2125972	SOCIETA' PER AZIONI	Viale Francesco Restelli 3/7	20124	Milano	MI	Lombardia	100000	35.23	Commercio di gas distribuito mediante condotte	Energia	01/09/2017	Attiva	1044625900	2024	74	metenergiaitalia@legalmail.it	SI	MET ENERGIA ITALIA SPA	VIALE FRANCESCO RESTELLI 3/7, 20124 MILANO MI	https://www.aziende.it/met-energia-italia-s-p-a	monitoraitalia.it; topaziende.quotidiano.net
288	BEKO ITALY MANUFACTURING S.R.L.	00693740425	SI	00693740425		1106112	SOCIETA' A RESPONSABILITA' LIMITATA	VIA VARESINA 204	20156	MILANO	MI	Lombardia	102759269	2751	Fabbricazione di elettrodomestici	Manifatturiero	05/12/1980	Attiva	1037500000	2024	2810		SI	BEKO ITALY MANUFACTURING S.R.L.	VIA VARESINA 204 20156 MILANO MI	https://www.ufficiocamerale.it/8390/whirlpool-emea-spa	monitoraitalia.it
289	INFRASTRUTTURE WIRELESS ITALIANE S.P.A.. O, IN FORMA ABBREVIATA, INWIT S.P.A.	08936640963	SI	08936640963		2057238	Societa' per Azioni	Largo Guido Donegani 2	20121	Milano	MI	Lombardia	600000000	61909	Altre attivita' di telecomunicazioni n.c.a.	Telecomunicazioni	21/04/2015	Attivo	1035335714	2024	330		SI	INFRASTRUTTURE WIRELESS ITALIANE S.P.A	LARGO DONEGANI 2 20121 MILANO MI	https://www.ufficiocamerale.it/8630/infrastrutture-wireless-italiane-spa-o-in-forma-abbreviata-inwit-spa	monitoraitalia.it; topaziende.quotidiano.net
290	GRIMALDI DEEP SEA S.P.A.	04068550823	SI		PA	169531	SOCIETA' PER AZIONI	Piazza Gentili Alberico 3	90143	Palermo	PA	Sicilia	60000000	50	TRASPORTO MARITTIMO E PER VIE D'ACQUA	Trasporti	12/05/1992	Attiva	1034082346	2024	338	grimaldideepsea@legalmail.it	SI	GRIMALDI DEEP SEA S.P.A.	PIAZZA GENTILI ALBERICO 3 90143 PALERMO PA	https://www.aziende.it/grimaldi-deep-sea-s-p-a	aziende.it; monitoraitalia.it
291	IMPRESA PIZZAROTTI & C. S.P.A.	00533290342	SI		PR	43991	SOCIETA' PER AZIONI	Via Anna Maria Adorni 1	43121	Parma	PR	Emilia-Romagna	347400000	41	COSTRUZIONE DI EDIFICI	Costruzione di edifici		Attiva	1031627764	2024	692	pizzarotti@pec.pizzarotti.it	SI	IMPRESA PIZZAROTTI & C. S.P.A.	VIA ANNA MARIA ADORNI 1 43121 PARMA PR	https://www.aziende.it/impresa-pizzarotti-c-s-p-a	topaziende.quotidiano.net
292	ENGINEERING INGEGNERIA INFORMATICA S.P.A.	05724831002	SI		RM	531128	Società per azioni	Piazzale Dell'agricoltura 24	00144	Roma	RM	Lazio	34095537	62.1	Attivita' di programmazione informatica	Altri servizi		Attiva	1023006600	2024	8504	engineering.ingegneria.informatica.spa@legalmail.it	SI	ENGINEERING INGEGNERIA INFORMATICA SPA	PIAZZALE DELL'AGRICOLTURA 24, 00144 ROMA RM	https://www.aziende.it/engineering-ingegneria-informatica-s-p-a	aziende.it; monitoraitalia.it
293	HAVI LOGISTICS S.R.L. A SOCIO UNI CO	02292880362	SI	01388080218	MO	271828	Società a Responsabilità Limitata	Via A Moro 31	41030	Bomporto	MO	Emilia-Romagna	260000	46.39	Commercio all'ingrosso non specializzato di prodotti alimentari, bevande e tabacco	Trasporti	17/07/1990	Attiva	1022828200	2024	238	havi-logistics@pec.confindustriamodena.com	SI	HAVI LOGISTICS SRL A SOCIO UNI CO	VIA A MORO 31, 41030 BOMPORTO MO	https://www.aziende.it/havi-logistics-s-r-l	monitoraitalia.it; topaziende.quotidiano.net
294	ESTRA ENERGIE S.R.L.	01219980529	SI	01219980529	SI	130079	SOCIETA' A RESPONSABILITA' LIMITATA	Via Toselli 9/a	53100	Siena	SI	Toscana	17438212	35.23	Commercio di gas distribuito mediante condotte	Energia	01/01/2008	Attiva	1022437601	2024	188	estraenergie@cert.estraspa.it	SI	ESTRA ENERGIE SRL	VIA TOSELLI 9/A 53100 SIENA SI	https://www.aziende.it/estra-energie-s-r-l	monitoraitalia.it; topaziende.quotidiano.net
295	HYUNDAI MOTOR COMPANY ITALY S.R.L.	06313170968	SI		MI	1883965	Società a responsabilità limitata	Via Bensi Giovanni 11	20152	Milano	MI	Lombardia	19000000	46.71.1	Commercio all'ingrosso di automobili e autoveicoli leggeri	Manifatturiero	03/11/2008	Attiva	1021120800	2024	127	hyundai.motor@pec.it	SI	HYUNDAI MOTOR COMPANY ITALY SRL	VIA GIOVANNI BENSI 11 20152 MILANO MI	https://www.aziende.it/hyundai-motor-company-italy-s-r-l	monitoraitalia.it; topaziende.quotidiano.net
296	SYENSQO SPECIALTY POLYMERS ITALY S.P.A.	03521920961	SI	03521920961		1680542	Societa' per Azioni	Viale Lombardia 20	20021	Bollate	MI	Lombardia	374187000	2013	Fabbricazione di altri prodotti chimici di base inorganici	Manifatturiero	01/08/2002	Attiva	1017945700	2024	960		SI	SYENSQO SPECIALTY POLYMERS ITALY SPA	VIALE LOMBARDIA 20 20021 BOLLATE MI	https://www.ufficiocamerale.it/1879/solvay-specialty-polymers-italy-spa	monitoraitalia.it; topaziende.quotidiano.net
297	AUTOGRILL ITALIA S.P.A.	02538160033	SI	02538160033	NO	242516	Società per Azioni	Via Greppi 2	28100	Novara	NO	Piemonte	68688000	56.3	Bar e altri esercizi simili senza cucina	Commercio		Attiva	1006749620	2024	7993	autogrillitalia@legalmail.it	SI	AUTOGRILL ITALIA SPA !!SPA	VIA GREPPI 2 28100 NOVARA NO	https://www.aziende.it/autogrill-italia-s-p-a	aziende.it; monitoraitalia.it
298	SKF INDUSTRIE S.P.A.	02663880017	SI	02663880017	TO	580415	SOCIETA' PER AZIONI	Via Pinerolo 44	10060	Airasca	TO	Piemonte	54600000	28.15	Fabbricazione di cuscinetti, ingranaggi e organi di trasmissione (esclusi quelli idraulici)	Manifatturiero	01/10/1980	Attiva	1003258000	2024	2541	country_legal@pec.skf.it	SI	SKF INDUSTRIE S.P.A.	VIA PINEROLO 44 10060 AIRASCA TO	https://www.aziende.it/skf-industrie-s-p-a	aziende.it; monitoraitalia.it
299	COOP LOMBARDIA S.C	00856620158	SI		MI	136012	SOCIETA' COOPERATIVA	Viale Famagosta 75	20142	Milano	MI	Lombardia		47.11	Commercio al dettaglio in esercizi non specializzati con prevalenza di prodotti alimentari e bevande	Commercio	18/12/1926	Attiva	1002421100	2024			SI	COOP LOMBARDIA SOCIETA' COOPERATIVA	VIALE FAMAGOSTA 75 20142 MILANO MI	https://www.aziende.it/coop-lombardia-societa-cooperativa	monitoraitalia.it; topaziende.quotidiano.net
300	DELL S.P.A.	12289830155	SI	12289830155	MI	1544069	SOCIETA' PER AZIONI	Via Luisa Battistotti Sassi 11	20133	Milano	MI	Lombardia	104000	46.50.1	Commercio all'ingrosso di computer, unita' periferiche e software	Produzione di software, consulenza informatica	25/11/1997	Attiva	1001038681	2024	514	dell@pec.trustedmail.intesa.it	SI	DELL SPA	VIA LUISA BATTISTOTTI SASSI 11 20133 MILANO MI	https://www.aziende.it/dell-s-p-a	topaziende.quotidiano.net
301	MONDELEZ ITALIA S.R.L.	11023000158	SI	11023000158	MI	1338353	SOCIETA' A RESPONSABILITA' LIMITATA	Via Marcello Nizzoli 3	20147	Milano	MI	Lombardia	38309000	46.33.1	Commercio all'ingrosso di prodotti lattiero-caseari e di uova	Commercio all'ingrosso di prodotti lattiero-caseari	01/02/1990	Attiva	998725438	2024	240	mondelezitaliasrl@pec.it	SI	MONDELEZ ITALIA S.R.L.	VIA NIZZOLI 3 20147 MILANO MI	https://www.aziende.it/mondelez-italia-s-r-l	topaziende.quotidiano.net
302	ELI LILLY ITALIA S.P.A.	00426150488	SI	00426150488	FI	162817	Societa per azioni	Via Antonio Gramsci 731/733	50019	Sesto Fiorentino	FI	Toscana	69921731	21.20.09	Fabbricazione di medicinali ed altri preparati farmaceutici	Fabbricazione di prodotti farmaceutici di base e di preparati farmaceutici	02/01/1962	Attiva	993011037	2024	1539	direzione@pec.lilly.it	SI	ELI LILLY ITALIA SPA	VIA GRAMSCI 731/733 50019 SESTO FIORENTINO FI	https://www.aziende.it/eli-lilly-italia-s-p-a	topaziende.quotidiano.net
303	ELECTRADE S.P.A.	03294530245	SI	03294530245	VI	313751	Societa per Azioni	Via Aristide Nonis 68/a	36063	Marostica	VI	Veneto	30000000	35.15	Commercio di energia elettrica	Commercio di energia elettrica	11/09/2006	Attiva	986978478	2025	40	electradespa@legalmail.it	SI	ELECTRADE S.P.A.	VIA NONIS 68/A 36063 MAROSTICA VI	https://www.aziende.it/electrade-s-p-a	aziende.it
304	ENAV S.P.A.	02152021008	SI	97016000586	RM	965162	SOCIETA' PER AZIONI	Via Salaria 716	00138	Roma	RM	Lazio	541744385	52.23	Attivita dei servizi connessi al trasporto aereo	Servizi connessi al trasporto aereo	22/01/2001	Attiva	964981374	2024	3598	protocollogenerale@pec.enav.it	SI	ENAV S.P.A.	VIA SALARIA 716 00138 ROMA RM	https://www.aziende.it/enav-s-p-a	aziende.it
305	DUSSMANN SERVICE S.R.L.	00124140211	SI		MI	1578661	SOCIETA' A RESPONSABILITA' LIMITATA	Via Stresa 6	20125	Milano	MI	Lombardia	20000000	81.21	Pulizia generale (non specializzata) di edifici	Pulizia generale (non specializzata) di edifici	01/10/1969	Attiva	961536062	2024	26012	dussmann@gigapec.it	SI	DUSSMANN SERVICE S.R.L.	VIA STRESA 6 20125 MILANO MI	https://www.aziende.it/dussmann-service-s-r-l	topaziende.quotidiano.net
306	SACMI COOPERATIVA MECCANICI IMOLA SOCIETA' COOPERATIVA IN BREVE SACMI IMOLA S.C	00498321207	SI	00287010375		8924	SOCIETA' COOPERATIVA	VIA SELICE PROVINCIALE 17/A	40026	IMOLA	BO	Emilia-Romagna	38417425	289999	Fabbricazione di tutte le altre macchine varie per impieghi speciali n.c.a.	Fabbricazione di altre macchine ed attrezzature per impieghi speciali nca	02/12/1919	Attiva	947389542	2024	1270	sacmi@legalmail.it	SI	SACMI COOPERATIVA MECCANICI IMOLA SOCIETA' COOPERATIVA IN BR	VIA SELICE PROVINCIALE 17/A, 40026 IMOLA BO	https://www.ufficiocamerale.it/7340/sacmi-cooperativa-meccanici-imola-societa-cooperativa-in-breve-sacmi-imola-sc	topaziende.quotidiano.net
307	PADANA TUBI & PROFILATI ACCIAIO S.P.A.	00323370353	SI	00323370353	RE	126911	SOCIETA' PER AZIONI	Via Porta Murata 8/a	42016	Guastalla	RE	Emilia-Romagna	17443636	24.2	FABBRICAZIONE DI TUBI, CONDOTTI, PROFILATI CAVI E RELATIVI ACCESSORI IN ACCIAIO (ESCLUSI QUELLI IN ACCIAIO COLATO)	Fabbricazione di tubi e profilati cavi in acciaio	15/02/1975	Attiva	946960509	2024	774	padanatubi@pec.it	SI	PADANA TUBI & PROFILATI ACCIAIO SPA	VIA PORTA MURATA 8/A 42016 GUASTALLA RE	https://www.aziende.it/padana-tubi-e-profilati-acciaio-s-p-a	topaziende.quotidiano.net
308	COSTANTIN S.P.A.	02098230283	SI	02098230283	PD	201819	SOCIETA' PER AZIONI	Via Canareggio 1823/1	35046	Borgo Veneto	PD	Veneto	10000000	47.3	COMMERCIO AL DETTAGLIO DI CARBURANTE PER AUTOTRAZIONE IN ESERCIZI SPECIALIZZATI	Commercio al dettaglio di carburante per autotrazione in esercizi specializzati	29/07/1986	Attiva	946260635	2024	110	costantinspa@pec.it	SI	COSTANTIN S.P.A.	VIA CANAREGGIO 1823/1 35046 BORGO VENETO PD	https://www.aziende.it/costantin-s-p-a	aziende.it
309	VIATRIS ITALIA S.R.L.	02789580590	SI	02789580590		2105518	SOCIETA' A RESPONSABILITA' LIMITATA	VIA VITTOR PISANI 20	20124	MILANO	MI	Lombardia	76050	46461	Commercio all'ingrosso di prodotti farmaceutici di base e di preparati farmaceutici	Commercio all'ingrosso (escluso autoveicoli)	01/01/2015	Attiva	940242700	2024	691		SI	VIATRIS ITALIA SRL	VIALE DELL'INNOVAZIONE 3 20126 MILANO MI	https://www.ufficiocamerale.it/8808/mylan-italia-srl	topaziende.quotidiano.net
310	MOZAMBIQUE ROVUMA VENTURE S.P.A.	05138630966	SI	05138630966		1798591	Societa' per Azioni	VIA EMILIA 1	20097	SAN DONATO MILANESE	MI	Lombardia	20000000	062	Estrazione di gas naturale	Estrazione di petrolio greggio e di gas naturale	18/01/2006	Attivo	939254738	2024	0		NO			https://www.ufficiocamerale.it/7563/mozambique-rovuma-venture-spa	topaziende.quotidiano.net
311	SNAITECH S.P.A.	01729640464	SI	00754850154		1584464	Societa' per Azioni	Via Ugo Bassi 6	20159	Milano	MI	Lombardia	97982245	920009	Altre attivita' di scommesse, lotterie e altri giochi d'azzardo	Attivita riguardanti le lotterie, le scommesse, le case da gioco	12/12/2002	Attiva	935120616	2024	687	snaitech@pec.it	NO			https://www.ufficiocamerale.it/9236/snaitech-spa	topaziende.quotidiano.net
312	ITALO - NUOVO TRASPORTO VIAGGIATORI S.P.A.. O IN FORMA ABBREVIATA ITALO S.P.A.	09247981005	SI	09247981005		1150652	SOCIETA' PER AZIONI	VIA CASILINA 1	00182	ROMA	RM	Lazio	60017725	491	Trasporto ferroviario di passeggeri	Trasporto ferroviario passeggeri	28/04/2012	Attivo	929218040	2025	1505		SI	ITALO - NUOVO TRASPORTO VIAGGIATORI S.P.A. !!ITALO S.P.A.	VIA CASILINA 1 00182 ROMA RM	https://www.ufficiocamerale.it/9810/italo-nuovo-trasporto-viaggiatori-spa-o-in-forma-abbreviata-italo-spa	aziende.it
313	ROCHE S.P.A.	00747170157	SI	00747170157				Viale G.B. Stucchi 110	20900	Monza	MB	Lombardia				Fabbricazione di prodotti farmaceutici			928985120	2024			SI	ROCHE S.P.A.	VIALE GIAN BATTISTA STUCCHI N 110 20900 MONZA MB	https://www.roche.it/contatti/contatti-roche-pharma	topaziende.quotidiano.net
314	TRENORD S.R.L.	06705490966	SI	06705490966	MI	1909555	SOCIETA' A RESPONSABILITA' LIMITATA	Piazzale Luigi Cadorna N 14	20123	Milano	MI	Lombardia	76120000	49.12	Altri trasporti ferroviari di passeggeri	Trasporto terrestre e trasporto mediante condotte	15/11/2009	Attiva	926231751	2024	4943	trenord@legalmail.it	SI	TRENORD S.R.L.	PIAZZALE LUIGI CADORNA N 14 20123 MILANO MI	https://www.aziende.it/trenord-s-r-l	topaziende.quotidiano.net
315	SACCHI GIUSEPPE S.P.A.	00689730133	SI	00689730133	LC	157633	SOCIETA' PER AZIONI	Via Privata Gerolamo Sacchi 2	23891	Barzano	LC	Lombardia	3600000	46.89	Commercio all'ingrosso specializzato di altri prodotti n.c.a.	Commercio all'ingrosso di articoli per l'illuminazione	30/11/1977	Attiva	926073263	2024	1370	amministrazione.sacchi@pec.it	SI	SACCHI GIUSEPPE S.P.A.	VIA PRIVATA GEROLAMO SACCHI 2 / 23891 BARZANO' LC	https://www.aziende.it/sacchi-giuseppe-s-p-a	topaziende.quotidiano.net
316	EUROVO S.R.L.	00727070393	SI	00992620286	RA	100103	SOCIETA' A RESPONSABILITA' LIMITATA	Via Mensa 3-santa Maria In Fabriago	48022	Lugo	RA	Emilia-Romagna	21000000	10.89.09	Produzione di altri prodotti alimentari nca	Produzione di altri prodotti alimentari	23/10/1981	Attiva	924173512	2024	638	eurovosrl@legalmail.it	SI	EUROVO SRL	VIA MENSA 3-SANTA MARIA IN FABRIAGO 48022 LUGO RA	https://www.aziende.it/eurovo-srl	topaziende.quotidiano.net
317	DAC DISTRIBUZIONE ALIMENTARI CONVIVENZE S.P.A.	03038290171	SI	03038290171	BS	313463	SOCIETA' PER AZIONI	Via G Marconi 15	25020	Flero	BS	Lombardia	3000000	46.9	COMMERCIO ALL'INGROSSO NON SPECIALIZZATO	Commercio all'ingrosso	01/09/1995	Attiva	922206253	2024	357	amministrazione@dacspa.legalmail.it	SI	DAC DISTRIBUZIONE ALIMENTARI CONVIVENZE S.P.A. O IN FORMA AB	VIA G MARCONI 15 25020 FLERO BS	https://www.aziende.it/dac-distribuzione-alimentari-convivenze-s-p-a	topaziende.quotidiano.net
318	GENERAL CAVI S.P.A.	01208310399	SI	01208310399		128014	Società per azioni	Via Risorgimento 32	48022	Lugo	RA	Emilia-Romagna	5013840	27.3	Fabbricazione di cablaggi e apparecchiature di cablaggio	Fabbricazione di apparecchiature elettriche	24/12/1992	Attiva	919119522	2024	123	generalcavi@legalmail.it	SI	GENERAL CAVI S.P.A.	VIA RISORGIMENTO 32 48022 LUGO RA	https://www.aziende.it/general-cavi-societa-per-azioni	topaziende.quotidiano.net
319	PFIZER S.R.L.	02774840595	SI	02774840595	LT	198376	Societa a Responsabilita Limitata	Via Isonzo 71	04100	Latina	LT	Lazio	200000000	21.20.09	Fabbricazione di medicinali ed altri preparati farmaceutici	Farmaceutico	24/10/2014	Attiva	918915926	2025	831	pfizersrl@pec.it	SI	PFIZER S.R.L.	VIA ISONZO 71 04100 LATINA LT	https://www.aziende.it/pfizer-s-r-l	aziende.it
320	VOLVO GROUP ITALIA S.P.A.	02665600165	SI		MI	1740615	SOCIETA' PER AZIONI CON SOCIO UNICO	Via Agnello 8	20121	Milano	MI	Lombardia	8052102	46.71.2	Commercio all'ingrosso di altri autoveicoli	Commercio all'ingrosso e al dettaglio e riparazione di autoveicoli e motocicli	29/06/1983	Attiva	916963198	2024	191	volvo.italia@legalmail.it	SI	VOLVO GROUP ITALIA SPA	VIA AGNELLO 8 20121 MILANO MI	https://www.aziende.it/volvo-group-italia-s-p-a	topaziende.quotidiano.net
321	NESTLE' ITALIANA S.P.A.. IN FORMA ABBREVIATA NE.IT. S.P.A.	00777280157	SI	00777280157		91673	SOCIETA' PER AZIONI	Viale Del Mulino 6	20057	Assago	MI	Lombardia	25582492	10	INDUSTRIE ALIMENTARI	Industrie alimentari	04/12/1913	Attiva	914334660	2024	1861	nestle@nestle.telecompost.it	SI	NESTLE' ITALIANA S.P.A. IN FORMA ABBREVIATA NE.IT. S.P.A.	VIALE DEL MULINO 6 20057 ASSAGO MI	https://www.aziende.it/nestle-italiana-s-p-a-in-forma-abbreviata-n	topaziende.quotidiano.net
322	L'OREAL ITALIA S.P.A.	00471270017	SI		MI	372384	SOCIETA' PER AZIONI	Piazza Fernanda Pivano 1	20123	Milano	MI	Lombardia	1679800	20.42	Fabbricazione di profumi e cosmetici	Fabbricazione di profumi e cosmetici	25/04/1936	Attiva	913924165	2024	1146	dircorp@pec.lorealitalia.com	SI	L'OREAL ITALIA S.P.A.	PIAZZA FERNANDA PIVANO 1 20123 MILANO MI	https://www.aziende.it/l-oreal-italia-s-p-a	topaziende.quotidiano.net
323	BASELL POLIOLEFINE ITALIA S.R.L.	11531310156	SI	11531310156	MI	1471654	SOCIETA' A RESPONSABILITA' LIMITATA	Via Pontaccio 10	20121	Milano	MI	Lombardia	180000000	20.16	Fabbricazione di materie plastiche in forme primarie	Fabbricazione di materie plastiche in forme primarie	30/09/1995	Attiva	906562191	2024	1028	basellpoliolefineitalia@legalmail.it	SI	BASELL POLIOLEFINE ITALIA S.R.L.	VIA PONTACCIO 10 20121 MILANO MI	https://www.aziende.it/basell-poliolefine-italia-s-r-l	topaziende.quotidiano.net
324	FINELEX SOCIETA' CONSORTILE PER AZIONI	03356870968	SI	03356870968	MI	1670229	SOCIETA' CONSORTILE PER AZIONI	Presso Str 4 .	20057	Assago	MI	Lombardia	4033734	46.19.04	Gruppi di acquisto; mandatari agli acquisti; buyer	Intermediari del commercio di vari prodotti	21/03/2002	Attiva	902380207	2024			SI	FINELEX SOCIETA' CONSORTILE PER AZIONI	MILANOFIORI PAL A SC 5 PIANO II 20057 ASSAGO MI	https://www.aziende.it/finelex-societa-consortile-per-azioni	topaziende.quotidiano.net
325	AZULE ENERGY ANGOLA S.P.A.	05782480965	SI	05782480965		1847724	SOCIETA' PER AZIONI	VIA DEGLI OLIVETANI 10/12	20123	MILANO	MI	Lombardia	20200000	061	Estrazione di petrolio greggio	Estrazione di petrolio greggio e di gas naturale	06/06/2007		900852210	2024			NO			https://www.ufficiocamerale.it/2779/eni-angola-spa	topaziende.quotidiano.net
326	PORSCHE ITALIA S.P.A.	03554090286	SI		PD	223927	Societa' per Azioni	Corso Stati Uniti 35	35127	Padova	PD	Veneto	2500000	47.81.1	Commercio al dettaglio di automobili e autoveicoli leggeri	Commercio al dettaglio di automobili e autoveicoli leggeri	07/08/2000	Attiva	900628009	2024	82	porsche.italia@actaliscertymail.it	SI	PORSCHE ITALIA S.P.A.	CORSO STATI UNITI 35 35127 PADOVA PD	https://www.aziende.it/porsche-italia-s-p-a	aziende.it
327	FRIUL INTAGLI INDUSTRIES S.P.A.	01586110262	SI	01586110262	PN	12038	SOCIETA' PER AZIONI	Via Oderzo 68	33080	Prata di Pordenone	PN	Friuli-Venezia Giulia	25000000	31	FABBRICAZIONE DI MOBILI	Mobili	01/01/2006	Attiva	900486876	2024	1947	info@pec.friulintagli.com	SI	FRIUL INTAGLI INDUSTRIES S.P.A.	VIA ODERZO 68 33080 PRATA DI PORDENONE PN	https://www.aziende.it/friul-intagli-industries-s-p-a	aziende.it
328	DUCATI MOTOR HOLDING S.P.A.	05113870967	SI		BO	473213	SOCIETA' PER AZIONI	Via Cavalieri Ducati 3	40132	Bologna	BO	Emilia-Romagna	59507754	30.91.12	Fabbricazione di motocicli	Fabbricazione di motocicli (inclusi i motori)	01/01/2009	Attiva	898918538	2024	1684	ducatimotor-amministrazione01@pec.it	SI	DUCATI MOTOR HOLDING SPA	VIA CAVALIERI DUCATI 3, 40132 BOLOGNA BO	https://www.aziende.it/ducati-motor-holding-spa	topaziende.quotidiano.net
329	MAIORA S.P.A.									Corato	BA	Puglia				Distribuzione alimentare			894566351	2024							aziende.it
330	ABBVIE S.R.L.	02645920592	SI	02645920592	LT	188083	Societa' a responsabilita' limitata	S R 148 Pontina Km 52 Snc	04011	Aprilia	LT	Lazio	20500000	21.20.09	Fabbricazione di medicinali ed altri preparati farmaceutici	Farmaceutico	01/08/2012	Attiva	892720297	2025	1690	abbvie@pec.it.abbvie.com	SI	ABBVIE S.R.L.	S R 148 PONTINA KM 52 SNC, 04011 APRILIA LT	https://www.aziende.it/abbvie-s-r-l	aziende.it
331	AMAZON ONLINE ITALY S.R.L.	09457730969	SI	09457730969	MI	2091468	Societa' a Responsabilita' Limitata	Viale Monte Grappa 3/5	20124	Milano	MI	Lombardia	10000	73.12	Attivita' delle concessionarie e degli altri intermediari di servizi pubblicitari	Attivita delle concessionarie e degli altri intermediari di servizi pubblicitari	01/07/2016	Attiva	891097820	2024	222	amazononlineitaly@legalmail.it	SI	AMAZON ONLINE ITALY SRL	VIALE MONTE GRAPPA 3/5 20124 MILANO MI	https://www.aziende.it/amazon-online-italy-s-r-l	topaziende.quotidiano.net
332	SCHNEIDER ELECTRIC S.P.A.	02424870166	SI	00509110011	BG	288118	Societa' per Azioni	Via Circonvallazione Est 1	24040	Stezzano	BG	Lombardia	34000000	27.12	Fabbricazione di apparecchiature per le reti di distribuzione e il controllo dell'elettricita'	Fabbricazione di apparecchiature elettriche ed apparecchiature per uso domestico non elettriche	01/12/1960	Attiva	890081251	2024	1741	schneider.electric@schneider-electric.legalmail.it	SI	SCHNEIDER ELECTRIC SPA	VIA CIRCONVALLAZIONE EST 1 24040 STEZZANO BG	https://www.aziende.it/schneider-electric-s-p-a	topaziende.quotidiano.net
333	LA DORIA S.P.A.	00180700650	SI	00180700650	SA	147593	SOCIETA' PER AZIONI	Via Nazionale 320	84012	Angri	SA	Campania	46810000	10.39	Altra Lavorazione e conservazione di frutta e di ortaggi	Conserve alimentari	1953	Attiva	889556000	2025	1300	antonio.ferraioli@pec.ladoria.it	SI	LA DORIA S.P.A.	VIA NAZIONALE 320 84012 ANGRI SA	https://www.aziende.it/la-doria-s-p-a	aziende.it
334	A2A AMBIENTE S.P.A.	01066840180	SI	01255650168	PV	155384	SOCIETA' PER AZIONI	Via Alessandro Lamarmora 230	25124	Brescia	BS	Lombardia	250000000	38.3	ATTIVITA' DI RACCOLTA, TRATTAMENTO E SMALTIMENTO DEI RIFIUTI; RECUPERO DEI MATERIALI	Attivita di raccolta, trattamento e smaltimento dei rifiuti	1980	Attiva	888648317	2024	1535	a2a.ambiente@pec.a2a.eu	SI	A2A AMBIENTE S.P.A.	VIA ALESSANDRO LAMARMORA 230, 25124 BRESCIA BS	https://www.aziende.it/a2a-ambiente-s-p-a	topaziende.quotidiano.net
335	SISAL ITALIA S.P.A.	02433760135	SI	02433760135		1815827	SOCIETA' PER AZIONI	VIA UGO BASSI 6	20159	MILANO	MI	Lombardia	25000000	920009	Altre attivita' di scommesse, lotterie e altri giochi d'azzardo	Lotterie, scommesse, case da gioco	03/07/2006	Attiva	888475288	2024	1794		NO			https://www.ufficiocamerale.it/8809/sisal-entertainment-spa	topaziende.quotidiano.net
336	ANGELINI PHARMA ITALIA AZIENDE CHIMICHE RIUNITE ANGELINI FRANCESCO - A.C.R.A.F. S.P.A.	01258691003	SI			466482	SOCIETA' PER AZIONI CON SOCIO UNICO	Via Amelia 70	00181	Roma	RM	Lazio	165000000	21.20.09	Fabbricazione di medicinali ed altri preparati farmaceutici	Farmaceutico	04/01/1984	Attiva	886219000	2024	1518	acrafspa@legalmail.it	SI	'ANGELINI PHARMA ITALIA AZIENDE CHIMICHE RIUNITE ANGELINI FR	VIA AMELIA 70 00181 ROMA RM	https://www.aziende.it/angelini-pharma-italia-aziende-chimiche-riuni	aziende.it
337	LOUIS VUITTON ITALIA S.R.L.	11885730967	SI	11885730967	MI	2629097	Societa' a Responsabilita' Limitata	Largo Augusto 8	20122	Milano	MI	Lombardia	3000000	47.71	Commercio al dettaglio di articoli di abbigliamento in esercizi specializzati	Commercio al dettaglio di articoli di abbigliamento	18/11/2021	Attiva	883965596	2024	832	lvitalia@legalmail.it	SI	LOUIS VUITTON ITALIA S.R.L.	LARGO AUGUSTO 8 20122 MILANO MI	https://www.aziende.it/louis-vuitton-italia-s-r-l	topaziende.quotidiano.net
338	SALUMIFICI GRANTERRE S.P.A.	02654810361	SI			319953	Società per Azioni	Strada Gherbella N 320	41126	Modena	MO	Emilia-Romagna	95000000	10.13	Produzione di prodotti a base di carne (inclusa la carne di volatili)	Produzione di prodotti a base di carne	02/01/2001	Attiva	883220000	2024	1423	salumificigranterrespa@pec.granterre.it	SI	SALUMIFICI GRANTERRE SPA	STRADA GHERBELLA N 320, 41126 MODENA MO	https://www.aziende.it/grandi-salumifici-italiani-s-p-a	topaziende.quotidiano.net
339	CELLNEX ITALIA S.P.A.	13264231005	SI	13264231005	RM	1433946	SOCIETA' PER AZIONI	Piazzale Dell'industria 40-46	00144	Roma	RM	Lazio	1000000	61.90.9	Altre attivita' connesse alle telecomunicazioni	Telecomunicazioni	27/02/2015	Attiva	882809778	2025	233	cellnexitaliaspa@legalmail.it	SI	CELLNEX ITALIA S.P.A.	PIAZZALE DELL'INDUSTRIA 40-46 00144 ROMA RM	https://www.aziende.it/cellnex-italia-s-p-a	aziende.it
340	BIG S.R.L.	04492200961	SI	04492200961		1751372	Società a Responsabilità Limitata	Largo Tazio Nuvolari 1	20143	Milano	MI	Lombardia	8000000	46331	Commercio all'ingrosso di prodotti lattiero-caseari e uova	Commercio all'ingrosso di prodotti lattiero-caseari, uova, oli e grassi commestibili	31/12/2004	Attiva	880068691	2024	780		NO			https://www.ufficiocamerale.it/4379/big-srl	topaziende.quotidiano.net
341	SO.FARMA.MORRA S.P.A.	11985010153	SI	00448310615	MI	1477991	Societa' per Azioni	Via Lambretta 2	20054	Segrate	MI	Lombardia	10400000	46.46.1	Commercio all'ingrosso di medicinali	Commercio all'ingrosso (escluso quello di autoveicoli e di motocicli)	15/09/1983	Attiva	879675258	2024	572	sofarmamorra@legalmail.it	SI	SO.FARMA.MORRA SPA	VIA LAMBRETTA 2 20054 SEGRATE MI	https://www.aziende.it/so-farma-morra-s-p-a	topaziende.quotidiano.net
342	F.I.S. FABBRICA ITALIANA SINTETICI S.P.A.	01712670247	SI	01712670247	VI	179183	SOCIETA' PER AZIONI	Viale Milano 26	36075	Montecchio Maggiore	VI	Veneto	10053100	21.1	FABBRICAZIONE DI PRODOTTI FARMACEUTICI DI BASE	Fabbricazione di prodotti farmaceutici di base	14/12/1989	Attiva	878926339	2025	2160	fis.spa@legalmail.it	SI	F.I.S. FABBRICA ITALIANA SINTETICI S.P.A.	VIALE MILANO 26, 36075 MONTECCHIO MAGGIORE VI	https://www.aziende.it/f-i-s-fabbrica-italiana-sintetici-s-p-a	aziende.it
343	KERING EYEWEAR S.P.A.	04846890285	SI	04846890285	PD	423179	Societa' per Azioni	Via Altichiero 180	35135	Padova	PD	Veneto	1428570	32.50.4	Fabbricazione di lenti oftalmiche	Fabbricazione di lenti oftalmiche	01/01/2015	Attiva	875820915	2024	826	keringeyewearspa@legalmail.it	SI	KERING EYEWEAR SPA	VIA ALTICHIERO 180 35135 PADOVA PD	https://www.aziende.it/kering-eyewear-s-p-a	aziende.it
344	CONSERVE ITALIA - CONSORZIO ITALIANO FRA COOPERATIVE AGRICOLE SOC. COOP. AGRICOLA	00708311204	SI	02858450584		260769	SOCIETA' COOPERATIVA	Via Paolo Poggi 11	40068	San Lazzaro di Savena	BO	Emilia-Romagna		10.3	LAVORAZIONE E CONSERVAZIONE DI FRUTTA E ORTAGGI	Lavorazione e conservazione di frutta e ortaggi	24/05/1976	Attiva	872569681	2024			SI	CONSERVE ITALIA - CONSORZIO ITALIANO FRA COOPERATIVE AGRICOL	VIA PAOLO POGGI 11 40068 SAN LAZZARO DI SAVENA BO	https://www.aziende.it/conserve-italia-consorzio-italiano-fra-coop	topaziende.quotidiano.net
345	SOCIETA' PER AZIONI ESERCIZI AEROPORTUALI S.E.A	00826040156	SI	00826040156		472807	SOCIETA' PER AZIONI	Presso Aeroporto Linate	20054	SEGRATE	MI	Lombardia	27500000	5223	Servizi di supporto al trasporto aereo	Magazzinaggio e attivita di supporto ai trasporti	12/05/1955		872266079	2024	2623	sea@legalmail.it	SI	SOCIETA' P.A. ESERCIZI AEROPORTUALI S.E.A.	AEROPORTO LINATE 20054 SEGRATE MI	https://www.ufficiocamerale.it/6240/societa-per-azioni-esercizi-aeroportuali-sea	topaziende.quotidiano.net
346	VOLVO CAR ITALIA S.P.A.. SOCIO UNICO	00326610375	SI		BO	121921	SOCIETA' PER AZIONI	Via E Mattei 66	40138	Bologna	BO	Emilia-Romagna	4200000	46.71.1	Commercio all'ingrosso di automobili e autoveicoli leggeri	Commercio all'ingrosso e al dettaglio e riparazione di autoveicoli	18/02/2004	Attiva	871668682	2024	74	volvocaritalia@pec.volvocaritalia.it	SI	VOLVO CAR ITALIA S.P.A. SOCIO UNICO	VIA E MATTEI 66 40138 BOLOGNA BO	https://www.aziende.it/volvo-car-italia-s-p-a	topaziende.quotidiano.net
347	TIRRENO POWER S.P.A.	07242841000	SI	07242841000	RM	1019536	Societa' per Azioni	Via Barberini 47	00187	Roma	RM	Lazio	60516142	35.1	PRODUZIONE, TRASMISSIONE E DISTRIBUZIONE DI ENERGIA ELETTRICA	Produzione di energia elettrica	01/02/2003	Attiva	870580506	2025	227	tirrenopower@pec.tirrenopower.com	SI	TIRRENO POWER SPA	VIA BARBERINI 47, 00187 ROMA RM	https://www.aziende.it/tirreno-power-s-p-a	aziende.it
348	VALENTINO S.P.A.	05412951005	SI		MI	1577552	SOCIETA' PER AZIONI CON SOCIO UNICO	Via Turati 16/18	20121	Milano	MI	Lombardia	193882746	14.2	CONFEZIONE DI ARTICOLI IN PELLICCIA	Confezione di articoli di abbigliamento; confezione di articoli in pelle e pelliccia	26/07/2008	Attiva	870573357	2024	1588	valentinospa@cert.valentino.com	SI	VALENTINO S.P.A.	VIA TURATI 16/18 20121 MILANO MI	https://www.aziende.it/valentino-s-p-a	topaziende.quotidiano.net
349	REPLY S.P.A.	08013390011	SI	97579210010	TO	938289	SOCIETA' PER AZIONI	Corso Francia 110	10143	Torino	TO	Piemonte	5032641	62.1	Attivita' di programmazione informatica	Informatica e software	01/08/2000	Attiva	869223983	2024	267	reply@pec.reply.it	SI	REPLY S.P.A.	CORSO FRANCIA 110 10143 TORINO TO	https://www.aziende.it/reply-s-p-a	aziende.it
350	UNICOOP ETRURIA SOCIETA' COOPERATIVA	00103530499	SI	00103530499		12989	SOCIETA' COOPERATIVA	STRADA STAT. SS AURELIA KM 237	57025	PIOMBINO	LI	Toscana		4711	Commercio al dettaglio non specializzato con prevalenza di prodotti alimentari, bevande o tabacchi	Commercio al dettaglio in esercizi non specializzati con prevalenza di prodotti alimentari e bevande	26/02/1945	Attiva	868408807	2024	3160		SI	UNICOOP ETRURIA S.C.	SS AURELIA KM 237-VIG RIOTORTO 57025 PIOMBINO LI	https://www.ufficiocamerale.it/8907/unicoop-tirreno-societa-cooperativa	topaziende.quotidiano.net
351	PUNCH POWERTRAIN PSA E -TRANSM ISSIONS ASSEMBLY ITALY	12709540012	SI	12709540012	TO	1310290	SOCIETA' A RESPONSABILITA' LIMITATA	Corso Tazzoli N 75	10135	Torino	TO	Piemonte	42010020	29.32	Fabbricazione di altre parti ed accessori per autoveicoli	Componentistica auto	07/11/2022	Attiva	867332657	2025	51	ppeti@legalmail.it	NO			https://www.aziende.it/punch-powertrain-psa-e-transmissions-assembly-italy-s-r-l	aziende.it
352	BRUNELLO CUCINELLI S.P.A.	01886120540	SI	01886120540	PG	165936	SOCIETA' PER AZIONI	Viale Parco Dell'industria 5	06073	Corciano	PG	Umbria	200000000	14.10.2	Fabbricazione di maglioni e altri articoli a maglia e all'uncinetto	Confezione di articoli di abbigliamento e articoli in pelle	01/06/1996	Attiva	864968000	2024	1578	brunellocucinelli.spa@legalmail.it	SI	BRUNELLO CUCINELLI S.P.A.	VIALE PARCO DELL'INDUSTRIA 5, 06073 CORCIANO PG	https://www.aziende.it/brunello-cucinelli-s-p-a	topaziende.quotidiano.net
353	PROFILGLASS S.P.A.	00706270410	SI	00706270410	PS	88767	SOCIETÀ PER AZIONI	Via Meda N 28	61032	Fano	PU	Marche	5700000	24.42	Produzione di alluminio	Produzione di alluminio		Attiva	864944868	2024	964	profilglass@pec.it	SI	PROFILGLASS S.P.A.	VIA MEDA N 28, 61032 FANO PU	https://www.aziende.it/profilglass-s-p-a	topaziende.quotidiano.net
354	PARTECIPAZIONI ITALIA S.P.A.	16245161001	SI	16245161001	RM	1644096	SOCIETA' PER AZIONI	Via Giulio Vincenzo Bona 65	00156	Roma	RM	Lazio	1000000	42.12	Costruzione di linee ferroviarie e metropolitane	Costruzioni ferroviarie	30/06/2021	Attiva	863535008	2024	226	pec@pec.partecipazionitalia.it	SI	PARTECIPAZIONI ITALIA S.P.A.	VIA GIULIO VINCENZO BONA 65 00156 ROMA RM	https://www.aziende.it/partecipazioni-italia-s-p-a	aziende.it
355	ILLUMIA S.P.A.	02356770988	SI	02356770988	BO	456543	SOCIETA' PER AZIONI	Via De Carracci 69/2	40129	Bologna	BO	Emilia-Romagna	3010000	35.15	Commercio di energia elettrica	Fornitura di energia elettrica, gas, vapore	01/06/2010	Attiva	860838695	2024	171	illumia@pec.illumia.it	SI	ILLUMIA S.P.A.	VIA DE CARRACCI 69/2 40129 BOLOGNA BO	https://www.aziende.it/illumia-s-p-a	topaziende.quotidiano.net
356	FERRERO INDUSTRIALE ITALIA S.R.L.. CON UNICO SOCIO	03629080049	SI	03629080049	CN	304908	SOCIETA' A RESPONSABILITA' LIMITATA	Piazzale Pietro Ferrero 1	12051	Alba	CN	Piemonte	40000000	10.82	Produzione di cacao, cioccolato, caramelle e confetterie	Dolciario	18/12/2015	Attiva	860729596	2024	6005	ferreroindustrialeitaliasrl@pec.ferrero.com	SI	FERRERO INDUSTRIALE ITALIA S.R.L. CON UNICO SOCIO	PIAZZALE PIETRO FERRERO 1 12051 ALBA CN	https://www.aziende.it/ferrero-industriale-italia-s-r-l	aziende.it
357	SCHENKER ITALIANA S.P.A.	00916900152	SI	00916900152	MI	622335	SOCIETA' PER AZIONI	Via Fratelli Bandiera 29	20068	Peschiera Borromeo	MI	Lombardia	19968000	52.26.02	Attivita' di spedizione merci	Magazzinaggio e attivita di supporto ai trasporti	03/10/1967	Attiva	850870465	2024	1437	schenkeritaliana@legalmail.it	SI	SCHENKER ITALIANA S.P.A.	VIA FRATELLI BANDIERA 29 20068 PESCHIERA BORROMEO MI	https://www.aziende.it/schenker-italiana-spa	topaziende.quotidiano.net
358	BOTTEGA VENETA S.R.L.	01824610248	SI	07078730152	VI	187708	SOCIETA' A RESPONSABILITA' LIMITATA	Localita' Conti Maltraverso 1	36054	Montebello Vicentino	VI	Veneto	5260000	15.12	Fabbricazione di articoli da viaggio, borse e simili, pelletteria e selleria	Fabbricazione di articoli da viaggio, borse e simili, pelletteria e selleria	01/10/1990	Attiva	848955545	2024	414	bottegaveneta@legalmail.it	SI	BOTTEGA VENETA S.R.L.	LOCALITA' CONTI MALTRAVERSO 1 36054 MONTEBELLO VICENTINO VI	https://www.aziende.it/bottega-veneta-s-r-l	aziende.it
359	S.A.P. ITALIA SISTEMI APPLICAZIONI PRODOTTI IN DATA PROCESSING S.P.A.	09417760155	SI	09417760155		1292430	Società per Azioni	Via Federico Confalonieri 29	20124	Milano	MI	Lombardia	2687339	62.90.09	Altre attivita' dei servizi connessi alle tecnologie dell'informazione e dell'informatica n.c.a.	Altre attivita dei servizi connessi alle tecnologie dell'informatica	25/11/1988	Attiva	848348181	2024	844	direzione_amministrativa.sapitalia@legalmail.it	SI	S.A.P. ITALIA SISTEMI APPLICAZIONI PRODOTTI IN DATA PROCESSI	VIA FEDERICO CONFALONIERI 29 20124 MILANO MI	https://www.aziende.it/s-a-p-italia-sistemi-applicazioni-prodotti-i	topaziende.quotidiano.net
360	BULGARI GIOIELLI S.P.A.	00483050068	SI	00483050068	AL	122181	SOCIETA' PER AZIONI	Strada Sotirio Bulgari 1	15048	Valenza	AL	Piemonte	2700000	32.12.2	Lavorazione di pietre preziose e semipreziose per gioielleria e per uso industriale	Gioielleria	16/09/1977	Attiva	846295587	2024	1315	bulgarigioielli@legalmail.it	SI	BULGARI GIOIELLI S.P.A.	STRADA SOTIRIO BULGARI 1 15048 VALENZA AL	https://www.aziende.it/bulgari-gioielli-s-p-a	aziende.it
361	WUERTH S.R.L.. - G.M.B.H	00125230219	SI	00125230219	BZ	56205	Società a Responsabilità Limitata	Via Stazione 51	39044	Egna	BZ	Trentino-Alto Adige	25000000	46.84.1	Commercio all'ingrosso di ferramenta	Commercio all'ingrosso di ferramenta	26/02/1963	Attiva	845588010	2024	3546	amministrazione@cert.wuerth.it	SI	WUERTH S.R.L. - G.M.B.H.	VIA STAZIONE 51 39044 EGNA .NEUMARKT. BZ	https://www.aziende.it/wuerth-s-r-l-g-m-b-h	aziende.it
362	COMPAGNIA GENERALE TRATTORI S.P.A.	01674190028	SI	01674190028		155698	Società per Azioni	Via Torino 45	13100	Vercelli	VC	Piemonte	20640000	46.63	Commercio all'ingrosso di macchinari per l'estrazione, l'edilizia e l'ingegneria civile	Commercio all'ingrosso di macchinari	18/09/1996	Attiva	842690034	2025	1263	cgt@pec.cgt.it	SI	COMPAGNIA GENERALE TRATTORI SPA !!C.G.T. SPA	VIA TORINO 45 13100 VERCELLI VC	https://www.aziende.it/compagnia-generale-trattori-s-p-a-abbrevia	aziende.it
363	ENGYCALOR ENERGIA CALORE S.R.L.	00991041005	SI		RM	400607	SOCIETA' A RESPONSABILITA' LIMITATA	Via Salaria 1322	00138	Roma	RM	Lazio	4000000	46.81	Commercio all'ingrosso di combustibili solidi, liquidi, gassosi e di prodotti derivati	Commercio all'ingrosso di combustibili	08/03/2011	Attiva	839437097	2024	60	engycalor@actaliscertymail.it	SI	ENGYCALOR ENERGIA CALORE S.R.L.	VIA SALARIA 1322 00138 ROMA RM	https://www.aziende.it/engycalor-energia-calore-srl	aziende.it
364	VEOLIA ITALIA S.P.A.	08786190150	SI		MI	1245922	Società per Azioni	Via Anna Maria Mozzoni 12	20152	Milano	MI	Lombardia	170000000	43.22	Installazione di impianti idraulici, di riscaldamento e di condizionamento dell'aria	Installazione di impianti idraulici, di riscaldamento e di condizionamento dell'aria	12/01/1988	Attiva	836965619	2024	2837	siram@registerpec.it	SI	VEOLIA ITALIA SPA	VIA ANNA MARIA MOZZONI 12 20152 MILANO MI	https://www.aziende.it/siram-s-p-a	topaziende.quotidiano.net
365	AZIENDA TRASPORTI MILANESI S.P.A.. IN FORMA ABBREVIATA A.T.M. S.P.A.	12883390150	SI	12883390150		1573142	SOCIETA' PER AZIONI	Foro Buonaparte 61	20121	Milano	MI	Lombardia	728006000	49.31	Trasporto terrestre di passeggeri in aree urbane e suburbane	Trasporto terrestre di passeggeri in aree urbane	31/12/1998	Attiva	835390835	2024	9600	atmspa@atmpec.it	SI	AZIENDA TRASPORTI MILANESI S.P.A. !!ATM S.P.A.	FORO BUONAPARTE 61 20121 MILANO MI	https://www.aziende.it/azienda-trasporti-milanesi-s-p-a-in-forma-a	topaziende.quotidiano.net
366	ACEA ATO 2 - GRUPPO ACEA - SOCIETA' PER AZIONI IN FORMA ABBREVIATA ACEA ATO 2 S.P.A.	05848061007	SI	05848061007		930803	Società per Azioni	Piazzale Ostiense 2	00154	Roma	RM	Lazio	362834340	36	Raccolta, trattamento e fornitura di acqua	Servizio idrico integrato	01/01/2000	Attiva	835256046	2024	1681	acea@pec.acea.it	SI	ACEA ATO 2 S.P.A	PIAZZALE OSTIENSE 2 00154 ROMA RM	https://www.ufficiocamerale.it/9376/acea-ato-2-gruppo-acea-societa-per-azioni-in-forma-abbreviat-a-acea-ato-2-spa	aziende.it
367	AZIENDA PER LA MOBILITA' DI ROMA CAPITALE S.P.A.	06341981006	SI			961692	Società Per Azioni	Via Prenestina 45	00176	Roma	RM	Lazio	179519299	52.32	Attivita' di servizi di intermediazione per il trasporto di passeggeri	Trasporto pubblico locale	18/12/2000	Attiva	833794950	2024	10132	protocollo@cert2.atac.roma.it	SI	AZIENDA PER LA MOBILITA' DI ROMA CAPITALE SOCIETA' PER AZION!!ATAC S.P.A.	VIA PRENESTINA 45 00176 ROMA RM	https://www.aziende.it/azienda-per-la-mobilita-di-roma-capitale-soc	aziende.it
368	ENGIE SERVIZI S.P.A.	01698911003	SI				Società per Azioni	Viale Giorgio Ribotta 31	00144	Roma	RM	Lazio	280800000	43.22.01	Installazione di impianti idraulici, di riscaldamento e di condizionamento dell'aria (inclusa manutenzione e riparazione) in edifici o in altre opere di costruzione	Impianti e servizi energetici			832735075	2023			SI	ENGIE SERVIZI S.P.A.	VIALE GIORGIO RIBOTTA 31 00144 ROMA RM	https://www.aziende.it/engie-servizi-s-p-a	aziende.it
369	UNIPOLRENTAL S.P.A.	01610670356	SI	01610670356		199204	SOCIETA' PER AZIONI	VIA GIAMBATTISTA VICO 10/C	42124	REGGIO NELL'EMILIA	RE	Emilia-Romagna	281244899	7711	Noleggio e leasing operativo di automobili e autoveicoli leggeri	Noleggio di autovetture	15/04/1995	Attiva	830867656	2024	374	unipolrental@legalmail.it	NO			https://www.ufficiocamerale.it/1791/unipolrental-spa	topaziende.quotidiano.net
370	ALFA ACCIAI S.P.A.	00988040176	SI	00988040176	BS	224470	Società per Azioni	Via San Polo N 152	25134	Brescia	BS	Lombardia	50000000	24.1	Siderurgia	Metallurgia	31/12/1980	Attiva	828216489	2024	649	alfaacciaispa@legalmail.it	SI	ALFA ACCIAI S.P.A.	VIA SAN POLO N 152 25134 BRESCIA BS	https://www.aziende.it/alfa-acciai-s-p-a	topaziende.quotidiano.net
371	CASEIFICI GRANTERRE S.P.A.	01299680353	SI		MO	351496	SOCIETA' PER AZIONI	Via Polonia N 30-33	41122	Modena	MO	Emilia-Romagna	21500000	46.33.1	Commercio all'ingrosso di prodotti lattiero-caseari e di uova	Commercio all'ingrosso di prodotti lattiero-caseari	01/04/1990	Attiva	823252434	2024	557	caseificigranterrespa@pec.granterre.it	SI	CASEIFICI GRANTERRE SPA	VIA POLONIA N 30-33 41122 MODENA MO	https://www.aziende.it/caseifici-granterre-spa	topaziende.quotidiano.net
372	MAPEI S.P.A.	01649960158	SI		MI	585534	SOCIETA' PER AZIONI	Via Cafiero Carlo 22	20158	Milano	MI	Lombardia	100000000	20.3	FABBRICAZIONE DI PITTURE, VERNICI E SMALTI, INCHIOSTRI DA STAMPA E ADESIVI SINTETICI (MASTICI)	Fabbricazione di pitture, vernici e smalti	27/06/1961	Attiva	821024007	2024	1926	amministrazione@pec.mapei.it	SI	MAPEI S.P.A.	VIA CAFIERO CARLO 22 20158 MILANO MI	https://www.aziende.it/mapei-s-p-a	topaziende.quotidiano.net
373	CAPGEMINI ITALIA S.P.A.	04877961005	SI	10365640159	RM	812266	SOCIETA' PER AZIONI	Via Di Torre Spaccata 140	00173	Roma	RM	Lazio	27734459	62.20.1	Attivita' di consulenza informatica	Consulenza informatica	23/04/1991	Attiva	819470651	2025	9310	capgemini@pec-it.capgemini.com	SI	CAPGEMINI ITALIA SPA	VIA DI TORRE SPACCATA 140 00173 ROMA RM	https://www.aziende.it/capgemini-italia-s-p-a	aziende.it
374	SYNERGIE ITALIA - AGENZIA PER IL LAVORO - S.P.A.	07704310015	SI	07704310015		917734	SOCIETA' PER AZIONI	VIA PISA 29	10152	TORINO	TO	Piemonte	2500000	782	Attivita' di agenzie di lavoro interinale e altre attivita' di fornitura di risorse umane	Agenzia per il lavoro	21/07/1999	Attiva	819080724	2024	24707		SI	SYNERGIE ITALIA - AGENZIA PER IL LAVORO S.P.A.	VIA PISA 29 10152 TORINO TO	https://www.ufficiocamerale.it/7089/synergie-italia-agenzia-per-il-lavoro-spa	aziende.it
375	MBDA ITALIA S.P.A.	06700621003	SI		RM	983961	SOCIETA' PER AZIONI	Via Monte Flavio 45	00131	Roma	RM	Lazio	120000000	25.30.1	Fabbricazione di armi e munizioni per uso militare	Difesa	05/03/2002	Attiva	818629689	2024	2356	mbdaitaliaspa@pec.it	SI	MBDA ITALIA S.P.A.	VIA MONTE FLAVIO 45, 00131 ROMA RM	https://www.aziende.it/mbda-italia-s-p-a	aziende.it
376	CAMBIELLI S.P.A.	00721560159	SI	00721560159	MI	71998	SOCIETA' PER AZIONI	Via Dei Gelsi 137	20121	Milano	MI	Lombardia	11342122	46.84.1	Commercio all'ingrosso di ferramenta	Commercio all'ingrosso di ferramenta e accessori per impianti	01/09/1963	Attiva	815369520	2024	2514	cambielli@legalmail.it	SI	CAMBIELLI S.P.A.	VIALE ACHILLE PAPA 30 20149 MILANO MI	https://www.aziende.it/cambielli-s-p-a	topaziende.quotidiano.net
377	FERALPI SIDERURGICA S.P.A.	02530630983	SI	02530630983	BS	457238	Societa' per Azioni	Via Aurelio Saffi 15	25121	Brescia	BS	Lombardia	50000000	24.1	Siderurgia	Metallurgia	01/07/2004	Attiva	813387243	2024	558	siderurgica@pec.feralpigroup.com	SI	FERALPI SIDERURGICA SPA	VIA AURELIO SAFFI 15 25121 BRESCIA BS	https://www.aziende.it/feralpi-siderurgica-s-p-a	topaziende.quotidiano.net
378	SANLORENZO S.P.A.. IN SIGLA SL S.P.A.	01109160117	SI	00142240464		97566	Società per Azioni	Via Armezzone 3	19031	Ameglia	SP	Liguria	35019621	30.12	Costruzione di imbarcazioni da diporto e sportive	Costruzione di imbarcazioni da diporto e sportive	09/10/2000	Attiva	812371000	2024	769	sanlorenzo@cert.sanlorenzoyacht.com	SI	SANLORENZO S.P.A. IN SIGLA SL S.P.A.	VIA ARMEZZONE 3 19031 AMEGLIA SP	https://www.aziende.it/sanlorenzo-s-p-a-in-sigla-sl-s-p-a	topaziende.quotidiano.net
379	MSD ITALIA S.R.L.	00887261006	SI		RM	314156	SOCIETA' A RESPONSABILITA' LIMITATA	Via Vitorchiano N 151	00189	Roma	RM	Lazio	45400000	46.46.1	Commercio all'ingrosso di medicinali	Commercio all'ingrosso di medicinali	18/09/1990	Attiva	809995449	2024	747	msditaliasrl@pec.it	SI	MSD ITALIA S.R.L.	VIA VITORCHIANO N 151 00189 ROMA RM	https://www.aziende.it/msd-italia-s-r-l	aziende.it
380	MEDTRONIC ITALIA S.P.A.	09238800156	SI		MI	1275682	Societa' per Azioni	Via Varesina 162	20156	Milano	MI	Lombardia	1200487	46.46.3	Commercio all'ingrosso di articoli medicali ed ortopedici	Commercio all'ingrosso	06/06/1989	Attiva	807166698	2024	1049	medtronicitalia.finance@legalmail.it	SI	MEDTRONIC ITALIA S.P.A.	VIA VARESINA 162, 20156 MILANO MI	https://www.aziende.it/medtronic-italia-s-p-a	topaziende.quotidiano.net
381	SORGENIA POWER S.P.A.	03925650966	SI		MI	1901438	Societa' per Azioni	Via Alessandro Algardi 4	20148	Milano	MI	Lombardia	5000000	35.1	PRODUZIONE, TRASMISSIONE E DISTRIBUZIONE DI ENERGIA ELETTRICA	Fornitura di energia elettrica, gas, vapore e aria condizionata	02/04/2003	Attiva	805440770	2024	83	sorgenia.power@legalmail.it	SI	SORGENIA POWER SPA	VIA ALESSANDRO ALGARDI 4 20148 MILANO MI	https://www.aziende.it/sorgenia-power-s-p-a	topaziende.quotidiano.net
382	APULIA DISTRIBUZIONE S.R.L.	05754810728	SI				SOCIETA' A RESPONSABILITA' LIMITATA	Strada Provinciale Rutigliano-adelfia	70018	Rutigliano	BA	Puglia		46.39.2	Commercio all'ingrosso non specializzato di altri prodotti alimentari, bevande e tabacco	Commercio all'ingrosso alimentare			805167708	2023			SI	APULIA DISTRIBUZIONE SRL	SP RUTIGLIANO ADELFIA, 70018 RUTIGLIANO BA	https://www.aziende.it/apulia-distribuzione-s-r-l	aziende.it
383	BURGO GROUP S.P.A.	13051890153	SI	13051890153	VI	289072	SOCIETA' PER AZIONI	Via Piave 1	36077	Altavilla Vicentina	VI	Veneto	90000000	17.12	Fabbricazione di carta e cartone	Fabbricazione di carta e cartone	01/12/2001	Attiva	803964150	2024	1048	segreteria@pec.burgogroup.com	SI	BURGO GROUP SPA	VIA PIAVE 1 36077 ALTAVILLA VICENTINA VI	https://www.aziende.it/burgo-group-s-p-a	aziende.it
384	ROSSETTO TRADE S.P.A.	02928530233	SI	02928530233	VR	295471	Societa' per Azioni	Via Friuli N 5 Interno 9 Lugagnano	37060	Sona	VR	Veneto	2000000	47.11.02	Commercio al dettaglio non specializzato con prevalenza di altri prodotti alimentari, bevande o tabacchi	Commercio al dettaglio non specializzato con prevalenza di altri prodotti alimentari, bevande o tabacchi	02/11/2005	Attiva	803779150	2024	2393	rossetto.trade@pec.rossettogroup.it	SI	ROSSETTO TRADE S.P.A.	VIA FRIULI N 5 INTERNO 9 LUGAGNANO 37060 SONA VR	https://www.aziende.it/rossetto-trade-s-p-a	aziende.it
385	MASERATI S.P.A.	08245890010	SI	08245890010	MO	347990	SOCIETA' PER AZIONI	Via Ciro Menotti 322	41121	Modena	MO	Emilia-Romagna	80000000	29.1	FABBRICAZIONE DI AUTOVEICOLI, RIMORCHI E SEMIRIMORCHI	Fabbricazione di autoveicoli, rimorchi e semirimorchi	01/04/2005	Attiva	803273278	2024	854	maserati@pec.fcagroup.com	SI	MASERATI S.P.A.	VIA CIRO MENOTTI 322, 41121 MODENA MO	https://www.aziende.it/maserati-s-p-a	topaziende.quotidiano.net
386	DHL GLOBAL FORWARDING (ITALY) S.P.A.	00754800159	SI	00754800159	MI	694772	SOCIETA' PER AZIONI	Via Delle Industrie 1	20060	Pozzuolo Martesana	MI	Lombardia	15600000	49.41	Trasporto di merci su strada	Trasporto terrestre	23/10/1965	Attiva	802786571	2024	873	dhlglobalforwarding@pec.dhl.it	SI	DHL GLOBAL FORWARDING (ITALY) SPA	VIA DELLE INDUSTRIE 1 20060 POZZUOLO MARTESANA MI	https://www.aziende.it/dhl-global-forwarding-italy-s-p-a	topaziende.quotidiano.net
387	ERGON S.P.A.	01220100885	SI	01220100885		102738	Società per azioni	Contrada Bettafilava	97100	Ragusa	RG	Sicilia	25000000	4639	Commercio all'ingrosso non specializzato di prodotti alimentari, bevande e tabacchi	Commercio all'ingrosso alimentare	14/12/2002	Attiva	801247425	2024	2601		SI	ERGON S.P.A	CONTRADA BETTAFILAVA SN 97100 RAGUSA RG	https://www.ufficiocamerale.it/2902/ergon-societa-consortile-arl	aziende.it
388	LA TRIVENETA CAVI S.P.A.	01981240243	SI	02782190157	VI	197814	Societa' per Azioni	Via Orna 35	36040	Brendola	VI	Veneto	15480000	27.32	Fabbricazione di altri fili e cavi elettrici ed elettronici	Fabbricazione di altri fili e cavi elettrici ed elettronici	07/12/1989	Attiva	801200426	2025	557	latrivenetacavi@legalmail.it	SI	LA TRIVENETA CAVI S.P.A.	VIA ORNA 35 36040 BRENDOLA VI	https://www.aziende.it/la-triveneta-cavi-s-p-a	aziende.it
389	FARVIMA MEDICINALI S.P.A.	01239791211	SI	00292250636	NA	227649	SOCIETA' PER AZIONI	Via Napoli 220	80025	Casandrino	NA	Campania	11000000	46.46.1	Commercio all'ingrosso di medicinali	Distribuzione farmaceutica	29/12/1994	Attiva	800657021	2025	577	farvimamedicinalispa@legalmail.it	SI	FARVIMA MEDICINALI S.P.A.	VIA NAPOLI 220 80025 CASANDRINO NA	https://www.aziende.it/farvima-medicinali-s-p-a	aziende.it
390	AP COMMERCIALE S.R.L.	07489941216	SI	07489941216	NA	887938	SOCIETA' A RESPONSABILITA' LIMITATA	Via Argine 380	80147	Napoli	NA	Campania	1000000	47.11.02	Commercio al dettaglio non specializzato con prevalenza di altri prodotti alimentari, bevande o tabacchi	Distribuzione alimentare	29/07/2013	Attiva	799731846	2024	4349	apcommerciale@legalmail.it	SI	AP COMMERCIALE SRL	VIA ARGINE 380, 80147 NAPOLI NA	https://www.aziende.it/ap-commerciale-srl	aziende.it
391	ACQUA MINERALE SAN BENEDETTO S.P.A.	01527840274	SI	00593710247	VE	168210	Societa' per azioni	Viale Kennedy 65	30037	Scorze'	VE	Veneto	2715960	11.07	Industria delle bibite analcoliche, delle acque minerali e di altre acque in bottiglia	Industria delle bibite analcoliche, delle acque minerali e di altre acque in bottiglia	01/01/1981	Attiva	797717796	2022	1238	sanbenedetto@registerpec.it	SI	ACQUA MINERALE SAN BENEDETTO S.P.A.	VIALE KENNEDY 65 30037 SCORZE' VE	https://www.aziende.it/acqua-minerale-san-benedetto-s-p-a	aziende.it
392	SAVINO DEL BENE TRASPORTI INTERNAZIONALI AGENZIA MARITTIMA S.P.A.	05300610481	SI	05300610481		536113	SOCIETA' PER AZIONI	VIA DEL BOTTEGHINO 24/26	50018	SCANDICCI	FI	Toscana	19000000	522602	Attivita' di spedizione merci	Magazzinaggio e attivita di supporto ai trasporti	11/12/2003	Attivo	795030744	2024	984		SI	SAVINO DEL BENE TRASPORTI INTERNAZIONALI AGENZIA MARITTIMA S	VIA DEL BOTTEGHINO 24/26 50018 SCANDICCI FI	https://www.ufficiocamerale.it/6948/trasporti-internazionali-agenzia-marittima-savino-del-bene-spa	topaziende.quotidiano.net
393	HEINEKEN ITALIA S.P.A.	00610140071	SI	00869580159	AO	48729	SOCIETA' PER AZIONI	Localita' L'ile-des-lapins 11	11020	Pollein	AO	Valle d'Aosta	47320000	11.05	Produzione di birra	Birra	24/02/1984	Attiva	792984805	2024	1102	heinekenitaliaspa@actaliscertymail.it	SI	HEINEKEN ITALIA SPA	LOCALITA' L'ILE-DES-LAPINS 11, 11020 POLLEIN AO	https://www.aziende.it/heineken-italia-spa	aziende.it
394	PROMETEON TYRE GROUP S.R.L.	09271680960	SI	09271680960		2079924	SOCIETA' A RESPONSABILITA' LIMITATA	Viale Sarca N 336	20126	Milano	MI	Lombardia	100000000	22.11.1	Fabbricazione di pneumatici e di camere d'aria	Fabbricazione di pneumatici	16/11/2015	Attiva	792187974	2024	286	prometeon.pecri@pec.prometeon.com	SI	PROMETEON TYRE GROUP S.R.L.	VIALE SARCA N 336, 20126 MILANO MI	https://www.aziende.it/prometeon-tyre-group-s-r-l-in-forma-abbreviat	topaziende.quotidiano.net
395	ZANETTI S.P.A.	00373690163	SI	00429950165	BG	122900	SOCIETA' PER AZIONI	Via Madonna 1	24040	Lallio	BG	Lombardia	25000000	46.33.1	Commercio all'ingrosso di prodotti lattiero-caseari e di uova	Commercio all'ingrosso di prodotti lattiero-caseari		Attiva	788910725	2024	553	zanettiformaggi@pec.it	SI	ZANETTI S.P.A.	VIA MADONNA 1 24040 LALLIO BG	https://www.aziende.it/zanetti-s-p-a	topaziende.quotidiano.net
396	TOYOTA MATERIAL HANDLING MANUFACTURING ITALY S.P.A.	04217660374	SI		BO	356539	SOCIETA' PER AZIONI	Via Persicetana Vecchia 10	40132	Bologna	BO	Emilia-Romagna	550000	28.22.09	Fabbricazione di altre macchine e apparecchi di sollevamento e movimentazione	Fabbricazione di altre macchine e apparecchi di sollevamento e movimentazione	27/12/1994	Attiva	786684829	2024	888	tmhmi@pec.it	SI	TOYOTA MATERIAL HANDLING MANUFACTURING ITALY SPA	VIA PERSICETANA VECCHIA 10, 40132 BOLOGNA BO	https://www.aziende.it/toyota-material-handling-manufacturing-italy	topaziende.quotidiano.net
397	HUAWEI TECHNOLOGIES ITALIA S.R.L.	04501190963	SI		MI	1753050	SOCIETA' A RESPONSABILITA' LIMITATA CON UNICO SOCIO	Via Lorenteggio 240 Torre A	20147	Milano	MI	Lombardia	3000000	46.50.2	Commercio all'ingrosso di apparecchiature per telecomunicazioni	Commercio di apparecchiature per telecomunicazioni	24/08/2004	Attiva	783056323	2024	362	huawei.italy@huaweipec.it	SI	HUAWEI TECHNOLOGIES ITALIA SRL	VIA LORENTEGGIO 240 TORRE A, 20147 MILANO MI	https://www.aziende.it/huawei-technologies-italia-s-r-l	topaziende.quotidiano.net
398	AFV ACCIAIERIE BELTRAME S.P.A.	13017310155	SI	13017310155	VI	292852	Societa' per Azioni	Viale Della Scienza 81	36100	Vicenza	VI	Veneto	113190480	24.1	Siderurgia	Siderurgia	31/12/2002	Attiva	782125293	2024	952	afvbeltrame@legalmail.it	SI	AFV ACCIAIERIE BELTRAME S.P.A.	VIALE DELLA SCIENZA 81 36100 VICENZA VI	https://www.aziende.it/afv-acciaierie-beltrame-s-p-a	aziende.it
399	O-I ITALY S.P.A.	11991790152	SI	00059020057	VA	248865	Societa' per Azioni	Via 1 Maggio 18	21040	Origgio	VA	Lombardia	11454107	23.13	Fabbricazione di vetro cavo	Fabbricazione di altri prodotti della lavorazione di minerali	22/10/1994	Attiva	780967173	2024	1556	o-i.italy@legalmail.it	SI	O-I ITALY SPA	VIA 1 MAGGIO 18 21040 ORIGGIO VA	https://www.aziende.it/o-i-italy-s-p-a	topaziende.quotidiano.net
400	UNITED PARCEL SERVICE ITALIA S.R.L.	08537690151	SI		MI	1228726	Societa' a Responsabilita' Limitata	Via Fantoli Gaudenzio 15/2 15	20138	Milano	MI	Lombardia	3329489	53.2	ALTRE ATTIVITA' POSTALI E DI CORRIERE	Servizi postali e attivita di corriere	15/12/1989	Attiva	780301091	2024	1043	amministrazione.ups@pec.it	SI	UNITED PARCEL SERVICE ITALIA SRL	VIA FANTOLI GAUDENZIO 15/2 15 20138 MILANO MI	https://www.aziende.it/united-parcel-service-italia-srl	topaziende.quotidiano.net
401	CONSORZI AGRARI D ITALIA - SOCIETA' PER AZIONI ANCHE IN BREVE C.A.I. S.P.A.	15386841009	SI	15386841009		1587135	SOCIETA' PER AZIONI	VIA VENTIQUATTRO MAGGIO 43	00187	ROMA	RM	Lazio	469357401	01631	Attivita' successive alla raccolta	Agricoltura e agroalimentare	03/10/2019	Attivo	779691911	2024	484		SI	'CONSORZI AGRARI D'ITALIA - SOCIETA' PER AZIONI' ANCHE IN BR	VIA VENTIQUATTRO MAGGIO 43 00187 ROMA RM	https://www.ufficiocamerale.it/7380/consorzi-agrari-ditalia-societa-per-azioni-anche-in-breve-cai-spa	aziende.it
402	UNIGRA S.P.A.	02403240399	SI	02403240399		198666	SOCIETA' PER AZIONI	VIA GARDIZZA 9/B	48017	CONSELICE	RA	Emilia-Romagna	19886000	10412	Produzione di altri oli vegetali	Produzione di olio raffinato o grezzo da semi oleosi o frutti oleosi	29/07/2011	Attivo	777087299	2024	780		SI	UNIGRA' SPA	VIA GARDIZZA 9/B 48017 CONSELICE RA	https://www.ufficiocamerale.it/9267/unigra-srl	topaziende.quotidiano.net
403	AVI.COOP SOCIETA' COOPERATIVA AGRICOLA IN BREVE: AVI.COOP S.C.A. OVVERO: AVI.COOP SOC. COOP. AGR	01247140401	SI	01247140401		184514	SOCIETA' COOPERATIVA	VIA DEL RIO 336	47522	CESENA	FC	Emilia-Romagna	1988272	01631	Attivita' successive alla raccolta	Coltivazioni agricole e produzione di prodotti animali	01/01/1981	Attivo	776473395	2024	4368		SI	AVI.COOP SOC.COOP.AGRICOLA	VIA DEL RIO 336 47522 CESENA FC	https://www.ufficiocamerale.it/5997/avicoop-societa-cooperativa-agricola-in-breve-avicoop-sca-ovvero-avicoop-soc-coop-agr	topaziende.quotidiano.net
404	HP ITALY S.R.L.	08954150960	SI	08954150960		2058259	SOCIETA' A RESPONSABILITA' LIMITATA	VIA CARLO DONAT CATTIN 5	20063	CERNUSCO SUL NAVIGLIO	MI	Lombardia	7000000	46501	Commercio all'ingrosso di computer, unita' periferiche e software	Commercio all'ingrosso di computer, apparecchiature informatiche	01/08/2015	Attivo	771733351	2024	304		SI	HP ITALY S.R.L.	VIA DONAT CATTIN 5 20063 CERNUSCO SUL NAVIGLIO MI	https://www.ufficiocamerale.it/3590/hp-italy-srl	topaziende.quotidiano.net
405	NEOS S.P.A.	08254440012	SI	08254440012		276558	SOCIETA' PER AZIONI	VIA DELLA CHIESA 68	21019	SOMMA LOMBARDO	VA	Lombardia	20000000	51101	Trasporto aereo di linea di passeggeri	Trasporto aereo di linea di passeggeri	16/07/2001	Attiva	768398441	2024	1310		SI	NEOS S.P.A.	VIA DELLA CHIESA 68 21019 SOMMA LOMBARDO VA	https://www.ufficiocamerale.it/1357/neos-spa	topaziende.quotidiano.net
406	GLAXOSMITHKLINE S.P.A.	00212840235	SI		VR	29640	SOCIETA' PER AZIONI	Viale Dell'agricoltura 7 Edif B25	37135	Verona	VR	Veneto	65250000	46.46.1	Commercio all'ingrosso di medicinali	Commercio all'ingrosso di medicinali	27/12/1932	Attiva	768310120	2024	863	gsk@gsk.legalmail.it	SI	GLAXOSMITHKLINE S.P.A.	VIALE DELL'AGRICOLTURA 7 EDIF B25 37135 VERONA VR	https://www.aziende.it/glaxosmithkline-s-p-a	aziende.it
407	HENKEL ITALIA S.R.L.	09299750969	SI		MI	2081815	Societa' a Responsabilita' Limitata	Via Carlo Amoretti 78	20157	Milano	MI	Lombardia	5000000	46.44.4	Commercio all'ingrosso di coltelleria, posateria e pentolame	Commercio all'ingrosso di articoli di porcellana e prodotti per la pulizia	09/12/2015	Attiva	765964831	2024	406	henkel.italia@pec.henkel.com	SI	HENKEL ITALIA SRL	VIA AMORETTI 78, 20157 MILANO MI	https://www.aziende.it/henkel-italia-s-r-l	topaziende.quotidiano.net
408	G.A. OPERATIONS S.P.A.	00159600360	SI	00159600360		1946400	SOCIETA' PER AZIONI	VIA BORGONUOVO 11	20121	MILANO	MI	Lombardia	24275795	14211	Fabbricazione in serie di abbigliamento esterno	Confezione di articoli di abbigliamento; confezione di articoli in pelle e pelliccia	30/12/2010	Attivo	765280444	2024	1284		NO			https://www.ufficiocamerale.it/4822/ga-operations-spa	topaziende.quotidiano.net
409	COOP ITALIA - SOCIETA' COOPERATIVA A R.L	01515921201	SI	00715170155	BO	82504	SOCIETA' COOPERATIVA	Via Del Lavoro 6-8	40033	Casalecchio di Reno	BO	Emilia-Romagna		46.19.04	Gruppi di acquisto; mandatari agli acquisti; buyer	Intermediari del commercio di vari prodotti		Attiva	764827297	2024			SI	COOP ITALIA SOCIETA' COOPERATIVA	VIA DEL LAVORO 6-8 40033 CASALECCHIO DI RENO BO	https://www.aziende.it/coop-italia-societa-cooperativa	topaziende.quotidiano.net
410	CONSORZIO NAZIONALE PER LA RACCOLTA, IL RICICLO E IL RECUPERO DEGLI IMBALLAGGI IN PLASTICA	12295820158	SI	12295820158		1544271	CONSORZIO	VIA DEL VECCHIO POLITECNICO 3	20121	MILANO	MI	Lombardia	325445	38213	Recupero dei materiali da rifiuti plastici	Attivita di supporto per le funzioni d'ufficio	05/11/1998	Attivo	764677639	2024	75		SI	CONSORZIO NAZIONALE PER LA RACCOLTA, IL RICICLO E IL RECUPER	VIA DEL VECCHIO POLITECNICO 3 20121 MILANO MI	https://www.ufficiocamerale.it/2440/consorzio-nazionale-per-la-raccolta-il-riciclo-e-il-recupero-degli-imballaggi-in-plastica	topaziende.quotidiano.net
411	HEIDELBERG MATERIALS ITALIA CEMENTI S.P.A.. IN FORMA ABBREVIATA HM ITALIA CEMENTI S.P.A.	00223700162	SI	00637110164		2705481	SOCIETÀ PER AZIONI	VIA LOMBARDIA 2/A	20068	PESCHIERA BORROMEO	MI	Lombardia	502661439	2351	Produzione di cemento	Fabbricazione di prodotti minerali	23/02/1865	Attiva	760819770	2024	1091		SI	HM ITALIA CEMENTI SPA	VIA LOMBARDIA 2/A 20068 PESCHIERA BORROMEO MI	https://www.ufficiocamerale.it/7584/italcementi-fabbriche-riunite-cemento-spa-bergamo	topaziende.quotidiano.net
412	SMURFIT WESTROCK ITALIA S.P.A.	02124341203	SI	07034140157		1891673	SOCIETA' PER AZIONI	VIA VINCENZO MONTI 12	20123	MILANO	MI	Lombardia	110000000	1721	Fabbricazione di carta, cartone ondulato e di imballaggi di carta e cartone	Fabbricazione di carta e cartone ondulato e imballaggi	17/11/2000	Attiva	760244358	2024	1967		SI	SMURFIT WESTROCK ITALIA S.P.A.	VIA MONTI VINCENZO 12 20123 MILANO MI	https://www.ufficiocamerale.it/9780/smurfit-kappa-italia-spa	topaziende.quotidiano.net
413	AMPLIA INFRASTRUCTURES S.P.A.	00904791001	SI		RM	526702	SOCIETA' PER AZIONI	Via Giulio Vincenzo Bona 95/101	00156	Roma	RM	Lazio	30116452	42.11	Costruzione di strade e autostrade	Costruzioni stradali	15/03/1985	Attiva	759547884	2025	1777	ampliaspa@pec.it	SI	AMPLIA INFRASTRUCTURES S.P.A.	VIA GIULIO VINCENZO BONA 95/101 00156 ROMA RM	https://www.aziende.it/amplia-infrastructures-s-p-a	aziende.it
414	ITALSCANIA S.P.A.	01632920227	SI	11749110158	TN	166337	SOCIETA' PER AZIONI	Via Di Spini 21	38121	Trento	TN	Trentino-Alto Adige	5000000	46.71.2	Commercio all'ingrosso di altri autoveicoli	Commercio all'ingrosso di veicoli industriali	26/11/1999	Attiva	759340803	2024	130	sih@legalmail.it	SI	ITALSCANIA S.P.A.	VIA DI SPINI 21 38121 TRENTO TN	https://www.aziende.it/italscania-s-p-a	aziende.it
415	SUZUKI ITALIA S.P.A.	01626560013	SI	01626560013	TO	511513	SOCIETA' PER AZIONI	Via Ettore De Sonnaz 19	10121	Torino	TO	Piemonte	10811500	46.73.1	Commercio all'ingrosso di legname, semilavorati in legno e legno artificiale	Commercio all'ingrosso di veicoli	07/01/1993	Attiva	753575666	2025	131	suzukiitalia@pecsoci.ui.torino.it	SI	SUZUKI ITALIA S.P.A.	VIA ETTORE DE SONNAZ 19 10121 TORINO TO	https://www.aziende.it/suzuki-italia-s-p-a	aziende.it
416	SNAM STOCCAGGIO S.P.A.	13271380159	SI	13271380159		1633445	SOCIETA' PER AZIONI	VIA VEZZA D'OGLIO 6	20139	MILANO	MI	Lombardia	152205500	49501	Trasporto mediante condotte di gas	Trasporto terrestre e trasporto mediante condotte	01/11/2001	Attivo	753368919	2024	78		SI	SNAM STOCCAGGIO S.P.A.	VIA VEZZA D'OGLIO 6, 20139 MILANO MI	https://www.ufficiocamerale.it/9207/stoccaggi-gas-italia-spa-o-in-forma-abbreviata-stogit-spa	topaziende.quotidiano.net
417	KUEHNE + NAGEL S.R.L.. CON UNICO SOCIO	02656660962	SI	09718030159	MI	1309844	SOCIETA' A RESPONSABILITA' LIMITATA	Via Marco Fabio Quintiliano 49/a	20138	Milano	MI	Lombardia	4589000	52.26	Altre attivita' di supporto ai trasporti	Magazzinaggio e attivita di supporto ai trasporti	01/06/1996	Attiva	749937717	2024	1813	kuehnenagel@pecsoci.ui.torino.it	SI	KUEHNE + NAGEL S.R.L. CON UNICO SOCIO	VIA MARCO FABIO QUINTILIANO 49/A, 20138 MILANO MI	https://www.aziende.it/kuehne-nagel-s-r-l	topaziende.quotidiano.net
418	DELOITTE CONSULTING S.R.L.SOCIETA' BENEFIT	03945320962	SI	03945320962	MI	258983	SOCIETA' A RESPONSABILITA' LIMITATA	Via Santa Sofia 28	20122	Milano	MI	Lombardia	4748838	70.20.09	Consulenza imprenditoriale e altre attivita' di consulenza gestionale n.c.a.	Altre attivita di consulenza imprenditoriale	16/05/2025	Attiva	749050075	2024	4943	dconsulting@deloitte.legalmail.it	SI	DELOITTE CONSULTING S.R.L.SOCIETA' BENEFIT	VIA SANTA SOFIA 28 20122 MILANO MI	https://www.aziende.it/deloitte-consulting-s-r-l-societa-benefit	topaziende.quotidiano.net
419	ARISTON S.P.A.	02853230429	SI	02853230429	AN	264015	Societa' per Azioni	Viale Aristide Merloni 45	60044	Fabriano	AN	Marche	30100000	27.90.09	Fabbricazione di altre apparecchiature elettriche nca	Fabbricazione di apparecchiature elettriche ed apparecchiature per uso domestico	05/06/2020	Attiva	748817367	2024	1451	ariston@pec.ariston.com	SI	ARISTON S.P.A.	VIALE ARISTIDE MERLONI 45 60044 FABRIANO AN	https://www.aziende.it/ariston-s-p-a	topaziende.quotidiano.net
420	CARGILL S.R.L.	12096330159	SI	12096330159	MI	1525837	Societa' a Responsabilita' Limitata	Via Spadolini 5	20141	Milano	MI	Lombardia	10000000	10.62	Produzione di amidi e di prodotti amidacei	Produzione di amidi e di prodotti amidacei	01/06/1997	Attiva	742538200	2024	652	cargill_srl@sicurezzapostale.it	SI	CARGILL S.R.L.	VIA SPADOLINI 5 20141 MILANO MI	https://www.aziende.it/cargill-s-r-l	topaziende.quotidiano.net
421	TELECOM ITALIA SPARKLE S.P.A.. ANCHE DENOMINATA IN FORMA ABBREVI TI SPARKLE	05305181009	SI	05305181009		874191	SOCIETÀ PER AZIONI	VIA DI MACCHIA PALOCCO 223	00125	ROMA	RM	Lazio	200000000	61	Telecomunicazioni	Telecomunicazioni	29/11/2000	Attivo	741397968	2025	550		SI	TELECOM ITALIA SPARKLE S.P.A. ANCHE DENOMINATA IN FORMA ABBR	VIA DI MACCHIA PALOCCO 223 00125 ROMA RM	https://www.ufficiocamerale.it/6334/telecom-italia-sparkle-spa-anche-denominata-in-forma-abbrevi-ti-sparkle	aziende.it
422	NETFLIX SERVICES ITALY S.R.L.	10641060966	SI	10641060966	RM	1652278	SOCIETA' A RESPONSABILITA' LIMITATA	Via Boncompagni 8-10	00187	Roma	RM	Lazio	10010000	59.13	Attivita' di distribuzione cinematografica, di video e di programmi televisivi	Distribuzione audiovisiva	05/04/2019	Attiva	741102375	2024	68	losgatosservicesitaly@legalmail.it	SI	NETFLIX SERVICES ITALY S.R.L.	VIA BONCOMPAGNI 8-10 00187 ROMA RM	https://www.aziende.it/netflix-services-italy-s-r-l	aziende.it
423	BOLTON FOOD S.P.A.	00197980139	SI	00197980139	CO	66295	SOCIETA' PER AZIONI	Via L Einaudi 18/22	22072	Cermenate	CO	Lombardia	31200000	10.13	Produzione di prodotti a base di carne (inclusa la carne di volatili)	Produzione di prodotti a base di carne (inclusa la carne di volatili)	10/04/1951	Attiva	737464138	2024	938	boltonfood@pec.it	SI	BOLTON FOOD S.P.A.	VIA L EINAUDI 18/22 22072 CERMENATE CO	https://www.aziende.it/bolton-food-s-p-a	topaziende.quotidiano.net
424	PRIMARK ITALY S.R.L.	02584500181	SI	02584500181	MI	2093584	SOCIETA' A RESPONSABILITA' LIMITATA	Via Della Palla 2 Milano	20123	Milano	MI	Lombardia	10000	47.71	Commercio al dettaglio di articoli di abbigliamento in esercizi specializzati	Commercio al dettaglio di articoli di abbigliamento	06/04/2016	Attiva	729731329	2024	5421	primarkitaly@legalmail.it	SI	PRIMARK ITALY S.R.L.	VIA DELLA PALLA 2 MILANO, 20123 MILANO MI	https://www.aziende.it/primark-italy-s-r-l	topaziende.quotidiano.net
425	EUROITALIA S.R.L.	00788550960	SI	04719670152		1033706	SOCIETA' A RESPONSABILITA' LIMITATA	VIA GALILEO GALILEI 5	20873	CAVENAGO DI BRIANZA	MB	Lombardia	46800	2042	Fabbricazione di profumi e cosmetici	Fabbricazione di profumi e cosmetici	30/06/1982	Attiva	729269649	2024	71		SI	EUROITALIA S.R.L.	VIA GALILEO GALILEI 5 20873 CAVENAGO DI BRIANZA MB	https://www.ufficiocamerale.it/2799/euroitalia-srl	topaziende.quotidiano.net
426	F.LLI LANDO S.P.A.	01782190282	SI		PD	180598	SOCIETA' PER AZIONI	Via Enrico Degli Scrovegni 1	35131	Padova	PD	Veneto	20015640	47.11.02	Commercio al dettaglio non specializzato con prevalenza di altri prodotti alimentari, bevande o tabacchi	Commercio al dettaglio non specializzato con prevalenza di altri prodotti alimentari, bevande o tabacchi	24/11/1983	Attiva	724831296	2024	1610	iperlando@pec.it	SI	F.LLI LANDO S.P.A.	VIA ENRICO DEGLI SCROVEGNI 1 35131 PADOVA PD	https://www.aziende.it/f-lli-lando-s-p-a	aziende.it
427	RAI PUBBLICITA' S.P.A.	00471300012	SI	00471300012	TO	108227	SOCIETA' PER AZIONI	Via Giovanni Carlo Cavalli 6	10138	Torino	TO	Piemonte	10000000	73.12	Attivita' delle concessionarie e degli altri intermediari di servizi pubblicitari	Pubblicita e media	09/04/1926	Attiva	722011552	2025	383	raipubblicita@pec.raipubblicita.it	SI	RAI PUBBLICITA' SPA	VIA GIOVANNI CARLO CAVALLI 6 10138 TORINO TO	https://www.aziende.it/rai-pubblicita-s-p-a	aziende.it
428	BAYER S.P.A.	05849130157	SI		MI	1042205	SOCIETA' PER AZIONI	Viale Certosa 130	20156	Milano	MI	Lombardia	103290000	46.46.1	Commercio all'ingrosso di medicinali	Commercio all'ingrosso (escluso quello di autoveicoli e di motocicli)	19/05/1980	Attiva	721948253	2024	605	legalerappresentante@bayerspa.legalmail.it	SI	BAYER SPA	VIALE CERTOSA 130, 20156 MILANO MI	https://www.aziende.it/bayer-s-p-a	topaziende.quotidiano.net
429	JENERGY S.P.A.	15928651007	SI	15928651007	RM	1623657	SOCIETA' PER AZIONI	Via Adolfo Rava' 49	00142	Roma	RM	Lazio	20000000	46.81	Commercio all'ingrosso di combustibili solidi, liquidi, gassosi e di prodotti derivati	Commercio all'ingrosso di combustibili	28/12/2020	Attiva	721822830	2025	17	jenergyspa@legalmail.it	SI	JENERGY SPA	VIA ADOLFO RAVA' 49 00142 ROMA RM	https://www.aziende.it/jenergy-spa	aziende.it
430	CASA OLEARIA ITALIANA S.P.A.	01458780747	SI	01458780747		401686	Societa' per Azioni	Isola Della Giudecca 753/C	30133	Venezia	VE	Veneto	10000000	10.41.2	Produzione di olio raffinato o grezzo da semi oleosi o frutti oleosi prevalentemente non di produzione propria	Produzione di olio raffinato o grezzo da semi oleosi o frutti oleosi prevalentemente non di produzione propria	07/08/1990	Attiva	717357447	2024	41	casaolearia@legalmail.it	SI	CASA OLEARIA ITALIANA S.P.A	ISOLA DELLA GIUDECCA 753/C 30133 VENEZIA VE	https://www.aziende.it/casa-olearia-italiana-societa-per-azioni-in	aziende.it
431	SIELTE S.P.A.	03600700870	SI	00941910788	CT	102807	SOCIETA' PER AZIONI	Via Cerza 4	95027	San Gregorio Di Catania	CT	Sicilia	28000000	26.30.09	Fabbricazione di altre apparecchiature per le comunicazioni	Impianti per telecomunicazioni	30/04/2008	Attiva	713580983	2024	2146	direzione.sielte@legalmail.it	SI	SIELTE SPA	VIA CERZA 4 95027 SAN GREGORIO DI CATANIA CT	https://www.aziende.it/sielte-spa	aziende.it
432	SCOMMETTENDO S.R.L.	02037070741	SI	02037070741	BR	116175	SOCIETA' A RESPONSABILITA' LIMITATA	Via Massimo D'azeglio N 1	72018	San Michele Salentino	BR	Puglia	100000	92.00.09	Altre attivita' connesse con le lotterie e le scommesse	Scommesse e giochi	29/08/2006	Attiva	713338632	2024	27	scommettendo.it@pec.it	SI	SCOMMETTENDO S.R.L.	VIA MASSIMO D'AZEGLIO N 1 72018 SAN MICHELE SALENTINO BR	https://www.aziende.it/scommettendo-s-r-l	aziende.it
433	MIGROSS S.P.A.	00858310238	SI	00858310238	VR	162905	SOCIETA' PER AZIONI	Via Pietro Vassanelli 21/23	37012	Bussolengo	VR	Veneto	4160000	47.11.02	Commercio al dettaglio non specializzato con prevalenza di altri prodotti alimentari, bevande o tabacchi	Commercio al dettaglio non specializzato con prevalenza di altri prodotti alimentari, bevande o tabacchi	02/12/1980	Attiva	709919936	2024	1578	migross@legalmail.it	SI	MIGROSS S.P.A.	VIA PIETRO VASSANELLI 21/23 37012 BUSSOLENGO VR	https://www.aziende.it/migross-s-p-a	aziende.it
434	FENDI - SOCIETA' A RESPONSABILITA' LIMITATA CHE POTRA' ESSERE ABBREVIATA IN FENDI S.R.L.	00900421009	SI	00466430584		316816	Societa' a responsabilita' limitata	Palazzo della Civilta' Italiana, Quadrato della Concordia 3	00144	Roma	RM	Lazio	13291203			Moda e pelletteria			705863295	2024		fendi@legalmail.it	SI	FENDI - SOCIETA' A RESPONSABILITA' LIMITATA CHE POTRA' ESSER	QUADRATO DELLA CONCORDIA 3 00144 ROMA RM	https://www.fendi.com/it-it/legal-privacy-company-information	aziende.it
435	BRISTOL-MYERS SQUIBB S.R.L.	01726510595	SI		RM	438470	SOCIETA' A RESPONSABILITA' LIMITATA	Piazzale Dell'industria 40-46	00144	Roma	RM	Lazio	45000000	46.46.1	Commercio all'ingrosso di medicinali	Commercio all'ingrosso di medicinali	02/01/1971	Attiva	704579701	2024	357	bms.italia@cert.bms.com	SI	BRISTOL-MYERS SQUIBB SRL	PIAZZALE DELL'INDUSTRIA 40-46 00144 ROMA RM	https://www.aziende.it/bristol-myers-squibb-s-r-l	aziende.it
436	OSPEDALE S. RAFFAELE S.R.L.	07636600962	SI	07636600962	MI	1972938	SOCIETA' A RESPONSABILITA' LIMITATA	Via Olgettina 60	20132	Milano	MI	Lombardia	60817200	86.1	SERVIZI OSPEDALIERI	Assistenza sanitaria	11/05/2012	Attiva	703365801	2024	4398	hsrsanraffaele@hsr.postecert.it	SI	OSPEDALE S. RAFFAELE S.R.L. !!SAN RAFFAELE S.	VIA OLGETTINA 60 20132 MILANO MI	https://www.aziende.it/ospedale-san-raffaele-s-r-l	topaziende.quotidiano.net
437	ADAMANT BIONRG S.R.L.	08370430962	SI	08370430962	MI	2020943	SOCIETA' A RESPONSABILITA' LIMITATA	Via Vittor Pisani 7	20124	Milano	MI	Lombardia	5000000	46.81	Commercio all'ingrosso di combustibili solidi, liquidi, gassosi e di prodotti derivati	Commercio all'ingrosso di combustibili	30/09/2013	Attiva	702390290	2024	17	adamantbionrg@legalmail.it	SI	ADAMANT BIONRG S.R.L.	VIA VITTOR PISANI 7 20124 MILANO MI	https://www.aziende.it/adamant-bionrg-s-r-l	topaziende.quotidiano.net
438	LINDT & SPRUNGLI S.P.A.	00197480122	SI	00197480122	VA	194	SOCIETA' PER AZIONI	Largo Edoardo Bulgheroni 1	21056	Induno Olona	VA	Lombardia	5160000	10.82	Produzione di cacao, cioccolato, caramelle e confetterie	Produzione di cacao, cioccolato, caramelle e confetterie	11/05/1909	Attiva	690532761	2024	1395	lindt@certimprese.it	SI	'LINDT & SPRUNGLI S.P.A.' !!S.P.A.	LARGO EDOARDO BULGHERONI 1 21056 INDUNO OLONA VA	https://www.aziende.it/lindt-sprungli-s-p-a	topaziende.quotidiano.net
439	RAFFMETAL S.P.A.	00583790985	SI	00863430179	BS	212219	SOCIETA' PER AZIONI	Via Malpaga 82	25070	Casto	BS	Lombardia	100000000	24.42	Produzione di alluminio	Produzione di alluminio	01/02/1977	Attiva	690243019	2024	458	raffmetal@legalmail.it	SI	RAFFMETAL S.P.A.	VIA MALPAGA 82 25070 CASTO BS	https://www.aziende.it/raffmetal-s-p-a	topaziende.quotidiano.net
440	ASTRAZENECA S.P.A.	00735390155	SI	00735390155	MI	623771	Societa' per Azioni	Viale Decumano 39	20157	Milano	MI	Lombardia	39520000	46.46	Commercio all'ingrosso di prodotti farmaceutici	Commercio all'ingrosso	08/02/1963	Attiva	686815589	2024	1110	astrazeneca@pec.astrazeneca.it	SI	ASTRAZENECA S.P.A.	VIALE DECUMANO 39, 20157 MILANO MI	https://www.aziende.it/astrazeneca-s-p-a	topaziende.quotidiano.net
441	VITERRA ITALY S.R.L.	07109660964	SI	07109660964		1937521	Societa' a responsabilita' limitata	Via Vittor Pisani 16	20124	Milano	MI	Lombardia	5000000	46.21.1	Commercio all'ingrosso di cereali	Commercio all'ingrosso di cereali, tabacco grezzo, sementi	16/07/2010	Attiva	685874945	2024	35		NO			https://www.ufficiocamerale.it/3545/viterra-italy-srl	topaziende.quotidiano.net
442	GENERAL LOGISTICS SYSTEMS ENTERPRISE S.R.L.	04102770965	SI	04102770965		1725402	Societa' a responsabilita' limitata	Via Basento 19	20098	San Giuliano Milanese	MI	Lombardia	1021000	52.31	Attivita' di servizi di intermediazione per il trasporto di merci	Magazzinaggio e attivita di supporto ai trasporti	25/03/2004	Attiva	684863720	2024	794	gls-enterprise@pec.glspec.com	SI	GENERAL LOGISTICS SYSTEMS ENTERPRISE SRL	VIA BASENTO 19 20098 SAN GIULIANO MILANESE MI	https://www.aziende.it/general-logistics-systems-enterprise-s-r-l-i	topaziende.quotidiano.net
443	VEGA CARBURANTI S.P.A.	00167460278	SI		VE	97237	Societa' per Azioni	Via Alfredo Ceccherini 14	30174	Venezia	VE	Veneto	5000000	47.3	Commercio al dettaglio di carburante per autotrazione in esercizi specializzati	Commercio al dettaglio di carburante per autotrazione in esercizi specializzati	21/04/1980	Attiva	684228651	2024	191	vegacarburanti@pec.it	SI	VEGA CARBURANTI S.P.A.	VIA CECCHERINI 14 30174 VENEZIA VE	https://www.aziende.it/vega-carburanti-s-p-a	aziende.it
444	ALMAVIVA THE ITALIAN INNOVAT. COMPANY S.P.A.	08450891000	SI			1094997	Societa' per Azioni	Via Di Casal Boccone 188/190	00137	Roma	RM	Lazio	154899065	62.1	Attivita' di programmazione informatica	Informatica e software	23/03/2005	Attiva	682676419	2024	3699	almaviva@pec.almaviva.it	SI	ALMAVIVA THE ITALIAN INNOVAT. COMPANY S.P.A.	VIA DI CASAL BOCCONE 188/190 00137 ROMA RM	https://www.aziende.it/almaviva-the-italian-innovation-company-s-p	aziende.it
445	J.A.S. JET AIR SERVICE S.P.A.	01921910152	SI		MI	895555	SOCIETA' PER AZIONI	Via Merlo Carlo Giuseppe 3	20122	Milano	MI	Lombardia	20000000	52.31	Attivita' di servizi di intermediazione per il trasporto di merci	Magazzinaggio e supporto ai trasporti	19/02/1974	Attiva	682406157	2024	529	amministrazione@pec.jasitaly.com	SI	J.A.S. JET AIR SERVICE SPA	VIA MERLO CARLO GIUSEPPE 3 20122 MILANO MI	https://www.aziende.it/j-a-s-jet-air-service-spa	topaziende.quotidiano.net
446	TESLA ITALY S.R.L.	07024150968	SI		MI	1930145	Societa' a Responsabilita' Limitata	Via Vincenzo Bellini N 1	20009	Vittuone	MI	Lombardia	10000	47.81.1	Commercio al dettaglio di automobili e autoveicoli leggeri	Commercio all'ingrosso e al dettaglio di autoveicoli	26/04/2010	Attiva	681933057	2024	242	teslamotorsitaly@pec.it	SI	TESLA ITALY SRL	VIA VINCENZO BELLINI N 1 20009 VITTUONE MI	https://www.aziende.it/tesla-italy-s-r-l	topaziende.quotidiano.net
447	BSP PHARMACEUTICALS S.P.A.	02314650595	SI	02314650595	LT	161865	SOCIETA' PER AZIONI	Via Appia Km 65 561 Snc	04100	Latina	LT	Lazio	2800000	21.20.09	Fabbricazione di medicinali ed altri preparati farmaceutici	Farmaceutico	03/06/2008	Attiva	680628055	2025	1321	bsppharmaceuticals@pec.it	SI	BSP PHARMACEUTICALS S.P.A.	VIA APPIA KM 65 561 SNC 04100 LATINA LT	https://www.aziende.it/bsp-pharmaceuticals-s-p-a	aziende.it
448	RECORDATI INDUSTRIA CHIMICA E FARMACEUTICA S.P.A.	00748210150	SI			401832	Societa' per Azioni	Via Matteo Civitali 1	20148	Milano	MI	Lombardia	26140644	21.20.09	Fabbricazione di medicinali ed altri preparati farmaceutici	Fabbricazione di prodotti farmaceutici di base e di preparati farmaceutici	26/04/1949	Attiva	678930869	2024	1072	recordati@pec.recordati.it	SI	RECORDATI INDUSTRIA CHIMICA E FARMACEUTICA S.P.A. IN BREVE R	VIA MATTEO CIVITALI 1 20148 MILANO MI	https://www.aziende.it/recordati-industria-chimica-e-farmaceutica-s	topaziende.quotidiano.net
449	ARETI S.P.A.	05816611007	SI	05816611007	RM	930820	Societa' per Azioni	Piazzale Ostiense 2	00154	Roma	RM	Lazio	345000000	35.1	Produzione, Trasmissione e Distribuzione di Energia Elettrica	Distribuzione di energia elettrica	01/01/2000	Attiva	678250381	2024	1279	areti@pec.areti.it	SI	ARETI S.P.A.	PIAZZALE OSTIENSE 2 00154 ROMA RM	https://www.aziende.it/areti-s-p-a	aziende.it
450	AGRIFARMA S.P.A.	01067670990	SI	01421010487	GE	352822	SOCIETA' PER AZIONI	Via Roncaglia 12	20146	Milano	MI	Lombardia	1121363	47.76.2	Commercio al dettaglio di piccoli animali domestici	Commercio al dettaglio di fiori, piante, semi	26/06/1979	Attiva	676360101	2024	2995	info@pec.arcaplanet.net	SI	AGRIFARMA S.P.A.	VIA RONCAGLIA 12 20146 MILANO MI	https://www.aziende.it/agrifarma-s-p-a	topaziende.quotidiano.net
451	PRICEWATERHOUSECOOPERS BUSINESS SERVICES S.R.L.	06234620968	SI		MI	1878863	SOCIETA' A RESPONSABILITA' LIMITATA CON UNICO SOCIO	Piazza Tre Torri 2	20145	Milano	MI	Lombardia	100000	70.20.09	Consulenza imprenditoriale e altre attivita' di consulenza gestionale n.c.a.	Altre attivita di consulenza imprenditoriale	30/07/2008	Attiva	676212487	2024	4826	businessservices@pec-pwc.it	SI	PRICEWATERHOUSECOOPERS BUSINESS SERVICES SRL	PIAZZA TRE TORRI 2 20145 MILANO MI	https://www.aziende.it/pricewaterhousecoopers-business-services-srl	topaziende.quotidiano.net
452	SOFIDEL S.P.A.	01256000462	SI	01256000462	LU	128332	SOCIETA' PER AZIONI	Via Giuseppe Lazzareschi 23	55016	Porcari	LU	Toscana	33000000	46.86.9	Commercio all'ingrosso di altri prodotti intermedi n.c.a.	Commercio all'ingrosso	01/06/1987	Attiva	672288135	2024	324	sofidel@pec.sofidelgroup.com	SI	SOFIDEL S.P.A.	VIA GIUSEPPE LAZZARESCHI 23 55016 PORCARI LU	https://www.aziende.it/sofidel-societa-per-azioni	topaziende.quotidiano.net
453	MUTTI S.P.A.	02758310342	SI	02758310342		264509	Societa' per Azioni	Via Traversetolo 28 - Loc Piazza	43022	Montechiarugolo	PR	Emilia-Romagna	23337209	10.39	Altra lavorazione e conservazione di frutta e di ortaggi	Lavorazione e conservazione di frutta e ortaggi	01/04/2015	Attiva	672229489	2024	1363	muttispa@postacert.cedacri.it	SI	MUTTI S.P.A.	VIA TRAVERSETOLO 28 - LOC PIAZZA 43022 MONTECHIARUGOLO PR	https://www.aziende.it/mutti-societa-per-azioni-in-breve-mutti-s-p	topaziende.quotidiano.net
454	TEDDY - S.P.A.	00953910403	SI		RN	190509	Societa' per Azioni	Via Coriano 58	47924	Rimini	RN	Emilia-Romagna	50000000	46.42.1	Commercio all'ingrosso di abbigliamento e accessori	Commercio all'ingrosso	01/09/1981	Attiva	668178563	2024	2741	teddy@legalmail.it	SI	TEDDY - S.P.A.	VIA CORIANO 58 47924 RIMINI RN	https://www.aziende.it/teddy-s-p-a	topaziende.quotidiano.net
455	ENIPOWER S.P.A.	12958270154	SI	12958270154	MI	1600596	SOCIETA' PER AZIONI	Piazza Ezio Vanoni 1	20097	San Donato Milanese	MI	Lombardia	944947849	35.1	PRODUZIONE, TRASMISSIONE E DISTRIBUZIONE DI ENERGIA ELETTRICA	Fornitura di energia elettrica, gas, vapore e aria condizionata	01/01/2000	Attiva	668138594	2024	323	enipower@pec.enipower.eni.it	SI	ENIPOWER SPA	PIAZZA EZIO VANONI 1 20097 SAN DONATO MILANESE MI	https://www.aziende.it/enipower-spa	topaziende.quotidiano.net
456	ACS DOBFAR S.P.A.	05847860151	SI	05847860151	MI	1041431	SOCIETA' PER AZIONI	Viale Addetta 4/12	20067	Tribiano	MI	Lombardia	19650000	21.1	FABBRICAZIONE DI PRODOTTI FARMACEUTICI DI BASE E DI PREPARATI FARMACEUTICI	Fabbricazione di prodotti farmaceutici	01/12/1999	Attiva	668045205	2024	1644	amministrazione@pec.acsdobfar.it	SI	ACS DOBFAR SPA	VIALE ADDETTA 4/12 20067 TRIBIANO MI	https://www.aziende.it/acs-dobfar-spa	topaziende.quotidiano.net
457	OPENJOBMETIS S.P.A.. AGENZIA PER IL LAVORO	13343690155	SI	13343690155	MI	1641225	SOCIETA' PER AZIONI	Via Assietta 19	20161	Milano	MI	Lombardia	13712000	78.2	ATTIVITA' DELLE AGENZIE DI LAVORO TEMPORANEO (INTERINALE)	Attivita delle agenzie di lavoro temporaneo	16/08/2001	Attiva	666179087	2024	20517	openjob@secmail.it	SI	OPENJOBMETIS S.P.A. AGENZIA PER IL LAVORO	VIA ASSIETTA 19 20161 MILANO MI	https://www.aziende.it/openjobmetis-spa-agenzia-per-il-lavoro	topaziende.quotidiano.net
458	ARCA COMMERCIALE S.R.L.	04573590405	SI	04573590405	FC	422919	SOCIETA' A RESPONSABILITA' LIMITATA	Piazzale Caduti Del Lavoro 244	47522	Cesena	FC	Emilia-Romagna	5000000	47.11.02	Commercio al dettaglio non specializzato con prevalenza di altri prodotti alimentari, bevande o tabacchi	Commercio al dettaglio in esercizi non specializzati	01/01/2022	Attiva	665201750	2024	1451	arcacommercialesrl@legalmail.it	SI	ARCA COMMERCIALE S.R.L.	PIAZZALE CADUTI DEL LAVORO 244, 47522 CESENA FC	https://www.aziende.it/arca-commerciale-s-r-l	topaziende.quotidiano.net
459	APPLE RETAIL ITALIA S.R.L.	04935230963	SI		MI	1783444	SOCIETA' A RESPONSABILITA' LIMITATA	Corso Vercelli 40	20145	Milano	MI	Lombardia	10000	47.40.1	Commercio al dettaglio di computer, unita' periferiche e software	Commercio al dettaglio di computer e software	14/04/2006	Attiva	664883843	2024	1813	appleretailitaliasrl@legalmail.it	SI	APPLE RETAIL ITALIA S.R.L.	CORSO VERCELLI 40 20145 MILANO MI	https://www.aziende.it/apple-retail-italia-s-r-l	topaziende.quotidiano.net
460	VESTAS ITALIA S.R.L.	02170340737	SI		RM	1192488	Societa' a Responsabilita' Limitata	Via Sardegna 40	00187	Roma	RM	Lazio	3000000	33.20.01	Installazione di motori, generatori e trasformatori elettrici; di apparecchiature per la distribuzione e il controllo dell'elettricita' (esclusa l'installazione all'interno degli edifici)	Impianti eolici	26/06/1998	Attiva	662842640	2024	502	vestasitaliasrl@cert.studiopirola.com	SI	VESTAS ITALIA S.R.L.	VIA SARDEGNA 40 00187 ROMA RM	https://www.aziende.it/vestas-italia-s-r-l	aziende.it
461	C.M.B. SOCIETA' COOPERATIVA MURATORI E BRACCIANTI DI CARPI	00154410369	SI	00154410369		2698	Societa' Cooperativa	Via C Marx 101	41012	Carpi	MO	Emilia-Romagna		41.2	Costruzione di edifici residenziali e non residenziali	Costruzione di edifici		Attiva	661568346	2024			SI	C.M.B. SOCIETA' COOPERATIVA MURATORI E BRACCIANTI DI CARPI A	VIA C MARX 101 41012 CARPI MO	https://www.aziende.it/c-m-b-societa-cooperativa-muratori-e-bracci	topaziende.quotidiano.net
462	IRCA S.P.A.	09684290969	SI	09684290969	VA	365248	SOCIETA' PER AZIONI	Via Degli Orsini 5	21013	Gallarate	VA	Lombardia	1002781	10.82	Produzione di cacao, cioccolato, caramelle e confetterie	Produzione di cacao, cioccolato, caramelle e confetterie	19/07/2017	Attiva	660368431	2024	593	irca@pec.it	SI	IRCA S.P.A.	VIA DEGLI ORSINI 5 21013 GALLARATE VA	https://www.aziende.it/irca-s-p-a	topaziende.quotidiano.net
463	CIRCET ITALIA S.P.A.	01481120697	SI	01481120697	CH	90567	Societa' per azioni	Via Aterno 108	66020	San Giovanni Teatino	CH	Abruzzo	10000000	42.22	Costruzione di opere di pubblica utilita' per l'energia elettrica e le telecomunicazioni	Reti telecomunicazioni ed energia	09/05/1989	Attiva	659375143	2024	1666	direzione@pec.ceitnet.it	SI	CIRCET ITALIA SPA	VIA ATERNO 108 66020 SAN GIOVANNI TEATINO CH	https://www.aziende.it/circet-italia-s-p-a	aziende.it
464	FAI SERVICE SOCIETA' COOPERATIVA	02654640040	SI		MI	1826807	SOCIETA' COOPERATIVA	Viale Cassala 57	20143	Milano	MI	Lombardia		82.99.99	Altri servizi di sostegno alle imprese nca	Attivita di supporto per le funzioni d'ufficio	20/05/1987	Attiva	658811518	2024			SI	FAI SERVICE SOCIETA' COOPERATIVA	VIALE CASSALA 57 20143 MILANO MI	https://www.aziende.it/fai-service-societa-cooperativa	topaziende.quotidiano.net
465	MARTINI & ROSSI - S.P.A.	00488160011	SI	00488160011	TO	1086	SOCIETA' PER AZIONI	Piazza Luigi Rossi 2	10023	Chieri	TO	Piemonte	20000000	11.04	Produzione di altre bevande fermentate non distillate	Bevande	30/06/1889	Attiva	657035563	2024	446	martinirossi@legalmail.it	SI	MARTINI & ROSSI - S.P.A.	PIAZZA LUIGI ROSSI 2 10023 CHIERI TO	https://www.aziende.it/martini-rossi-s-p-a	aziende.it
466	PASTIFICIO RANA S.P.A.	01397480235	SI	01397480235	VR	178408	SOCIETA' PER AZIONI	Via Antonio Pacinotti 25	37057	San Giovanni Lupatoto	VR	Veneto	6000000	10.73	Produzione di paste alimentari, di cuscus e di prodotti farinacei simili	Produzione di paste alimentari, di cuscus e di prodotti farinacei simili	21/12/2004	Attiva	651143670	2024	1180	amministrazione@pec.rana.it	SI	PASTIFICIO RANA S.P.A.	VIA PACINOTTI 25 37057 SAN GIOVANNI LUPATOTO VR	https://www.aziende.it/pastificio-rana-s-p-a	aziende.it
467	ENERGAS S.P.A.	00309310605	SI		NA	696210	SOCIETA' PER AZIONI	Via Domenico Morelli 75	80121	Napoli	NA	Campania	52000000	19.20.3	Miscelazione di gas petroliferi liquefatti (GPL) e loro imbottigliamento	GPL		Attiva	648268595	2025	177	energas.spa@legalmail.it	SI	ENERGAS S.P.A	VIA DOMENICO MORELLI 75 80121 NAPOLI NA	https://www.aziende.it/energas-s-p-a	aziende.it
468	PERFETTI VAN MELLE S.P.A.	04219660158	SI	04219660158	MI	996099	SOCIETA' PER AZIONI	Via Xxv Aprile 7	20045	Lainate	MI	Lombardia	20000000	10.82	Produzione di cacao, cioccolato, caramelle e confetterie	Produzione di cacao, cioccolato, caramelle	07/11/1978	Attiva	645631837	2024	1199	pvm.spa@pec.it	SI	PERFETTI VAN MELLE S.P.A.	VIA XXV APRILE 7, 20045 LAINATE MI	https://www.aziende.it/perfetti-van-melle-s-p-a	topaziende.quotidiano.net
469	INGRAM MICRO S.R.L.	10297220153	SI	10297220153	MI	1367714	SOCIETA' A RESPONSABILITA' LIMITATA	Via Delle Industrie 14/b	20049	Settala	MI	Lombardia	200000	46.50.1	Commercio all'ingrosso di computer, unita' periferiche e software	Commercio all'ingrosso di computer, apparecchiature informatiche periferiche e di software	04/09/1995	Attiva	644329119	2024	167	ingram.italia@pec.it	SI	INGRAM MICRO SRL	VIA DELLE INDUSTRIE 14/B, 20049 SETTALA MI	https://www.aziende.it/ingram-micro-s-r-l	topaziende.quotidiano.net
470	PAD MULTIENERGY S.P.A.	03516220179	SI	03516220179	BS	412045	SOCIETA' PER AZIONI	Via Cefalonia 70	25124	Brescia	BS	Lombardia	24025806	46.81	Commercio all'ingrosso di combustibili solidi, liquidi, gassosi e di prodotti derivati	Commercio all'ingrosso di combustibili	23/08/1999	Attiva	643884114	2024	42	pad.multienergy@raccomandata-ar.com	SI	PAD MULTIENERGY S.P.A	VIA CEFALONIA 70, 25124 BRESCIA BS	https://www.aziende.it/pad-multienergy-s-p-a	topaziende.quotidiano.net
471	ECOFUEL S.P.A.	09788620152	SI	09788620152	MI	1217129	SOCIETA' PER AZIONI	Via Felice Maritano 26	20097	San Donato Milanese	MI	Lombardia	52000000	20.1	FABBRICAZIONE DI PRODOTTI CHIMICI DI BASE, DI FERTILIZZANTI E COMPOSTI AZOTATI, DI MATERIE PLASTICHE E GOMMA SINTETICA IN FORME PRIMARIE	Fabbricazione di prodotti chimici di base	26/03/1986	Attiva	640181095	2024	38	ecofuel@pec.ecofuel.eni.it	SI	ECOFUEL S.P.A.	VIA MARITANO 26 20097 SAN DONATO MILANESE MI	https://www.aziende.it/ecofuel-s-p-a	topaziende.quotidiano.net
472	OPEN FIBER S.P.A.	09320630966	SI	09320630966	MI	2083127	SOCIETA' PER AZIONI	Viale Dell'innovazione 1	20126	Milano	MI	Lombardia	250000000	61.90.9	Altre attivita' connesse alle telecomunicazioni	Altre attivita di telecomunicazione	21/12/2015	Attiva	640048000	2024	1831	openfiber@pec.openfiber.it	SI	OPEN FIBER S.P.A.	VIALE DELL'INNOVAZIONE 1 20126 MILANO MI	https://www.aziende.it/open-fiber-s-p-a	topaziende.quotidiano.net
473	NOVO NORDISK S.P.A.	01260981004	SI			469049	Societa' per Azioni	Viale Giorgio Ribotta 35	00144	Roma	RM	Lazio	516500	46.46	Commercio all'ingrosso di prodotti farmaceutici	Commercio all'ingrosso di prodotti farmaceutici	12/12/1980	Attiva	639495161	2025	434	novonordisk@pecimprese.it	SI	NOVO NORDISK SPA	VIALE GIORGIO RIBOTTA 35 00144 ROMA RM	https://www.aziende.it/novo-nordisk-societa-per-azioni	aziende.it
474	EUROBET ITALIA S.R.L.. UNIPERSONALE	03620640106	SI	03620640106	RM	1127246	SOCIETA' A RESPONSABILITA' LIMITATA	Lungotevere Arnaldo Da Brescia 12	00196	Roma	RM	Lazio	12200	92.00.09	Altre attivita' connesse con le lotterie e le scommesse	Scommesse e giochi	2006	Attiva	639375113	2025	563	eurobet-italia@pec.it	SI	EUROBET ITALIA S.R.L. UNIPERSONALE	LUNGOTEVERE ARNALDO DA BRESCIA 12, 00196 ROMA RM	https://www.aziende.it/eurobet-italia-s-r-l-unipersonale	aziende.it
475	GIANNI VERSACE S.R.L.	04636090963	SI		MI	1762567	Societa' a Responsabilita' Limitata	Piazza Luigi Einaudi 4	20124	Milano	MI	Lombardia	81864102	74.11.2	Attivita' di progettazione di moda	Altre attivita professionali, scientifiche e tecniche	01/01/2005	Attiva	638424395	2024	774	gianniversace@pecversace.it	SI	GIANNI VERSACE SRL	PIAZZA LUIGI EINAUDI 4 20124 MILANO MI	https://www.aziende.it/gianni-versace-s-r-l	topaziende.quotidiano.net
476	H & M HENNES & MAURITZ S.R.L.	03269110965	SI	03269110965	MI	1663197	Società a Responsabilità Limitata	Via Turati 9	20121	Milano	MI	Lombardia	10000	47.71	Commercio al dettaglio di articoli di abbigliamento in esercizi specializzati	Commercio al dettaglio di articoli di abbigliamento	24/04/2008	Attiva	636459486	2024	3764	hm_milano@pec.it	SI	H & M HENNES & MAURITZ S.R.L.	VIA TURATI 9 20121 MILANO MI	https://www.aziende.it/h-m-hennes-mauritz-s-r-l	topaziende.quotidiano.net
477	AGN ENERGIA S.P.A.	06170180019	SI	06170180019	TO	760745	SOCIETA' PER AZIONI	Via Amalfi 6	10088	Volpiano	TO	Piemonte	12000000	19.20.3	Miscelazione di gas petroliferi liquefatti (GPL) e loro imbottigliamento	GPL ed energia	25/07/1991	Attiva	636216400	2024	475	agnenergiaspa@pec.it	SI	AGN ENERGIA S.P.A.	VIA AMALFI 6 10088 VOLPIANO TO	https://www.aziende.it/agn-energia-s-p-a	aziende.it
478	SMEG S.P.A.	01555030350	SI	07947760158	RE	194932	SOCIETA' PER AZIONI	Via Leonardo Da Vinci 4	42016	Guastalla	RE	Emilia-Romagna	20000000	27.51	Fabbricazione di apparecchiature elettriche ed apparecchiature per uso domestico non elettriche	Fabbricazione di apparecchiature elettriche ed apparecchiature per uso domestico non elettriche	08/06/1992	Attiva	634492363	2024	867	amministrazione@pec.smeg.com	SI	SMEG S.P.A.	VIA LEONARDO DA VINCI 4 42016 GUASTALLA RE	https://www.aziende.it/smeg-s-p-a	topaziende.quotidiano.net
479	NUOVA OMPI S.R.L.. UNIPERSONALE	00927340281	SI	03878760150	PD	172419	Società a Responsabilità Limitata	Via Molinella 17	35017	Piombino Dese	PD	Veneto	20000000	23.15.9	Altre attivita' di fabbricazione e lavorazione di altro vetro incluso il vetro per usi tecnici	Altre attivita' di fabbricazione e lavorazione di altro vetro incluso il vetro per usi tecnici		Attiva	634082986	2024	2762	nuovaompi@pec.stevanatogroup.com	SI	NUOVA OMPI S.R.L. UNIPERSONALE	VIA MOLINELLA 17 35017 PIOMBINO DESE PD	https://www.aziende.it/nuova-ompi-s-r-l	aziende.it
480	ITALMARK S.R.L.	04145590982	SI	04145590982	BS	592034	SOCIETA' A RESPONSABILITA' LIMITATA	Viale Sant Eufemia 108/f	25135	Brescia	BS	Lombardia	20000000	47.11.02	Commercio al dettaglio non specializzato con prevalenza di altri prodotti alimentari, bevande o tabacchi	Commercio al dettaglio in esercizi non specializzati	01/01/2020	Attiva	633337822	2024	2260	italmarkretail@legalmail.it	SI	ITALMARK SRL	VIALE SANT'EUFEMIA 108/F 25135 BRESCIA BS	https://www.aziende.it/italmark-s-r-l	topaziende.quotidiano.net
481	PREGIS S.P.A.	00440600229	SI				Società per Azioni	Foro Buonaparte 12	20121	Milano	MI	Lombardia	1333480	46.39.2	Commercio all'ingrosso non specializzato di altri prodotti alimentari, bevande e tabacco	Commercio all'ingrosso di prodotti alimentari			632904989	2024			SI	PREGIS S.P.A.	PIAZZA ARMANDO DIAZ 7 20123 MILANO MI	https://www.aziende.it/pregis-s-p-a	topaziende.quotidiano.net
482	ITT ITALIA S.R.L.	02669220044	SI	02669220044	CN	227155	SOCIETA' A RESPONSABILITA' LIMITATA	Corso Europa 41/43	20045	Lainate	MI	Lombardia	10000000	29.32	Fabbricazione di altre parti ed accessori per autoveicoli	Fabbricazione di altre parti ed accessori per autoveicoli	29/06/1999	Attiva	632418106	2024	1491	ittitalia@legalmail.it	SI	ITT ITALIA S.R.L.	CORSO EUROPA 41/43 20045 LAINATE MI	https://www.aziende.it/itt-italia-s-r-l	topaziende.quotidiano.net
483	SALVATORE FERRAGAMO S.P.A.	02175200480	SI		FI	464724	Società per Azioni	Via Tornabuoni 2	50123	Firenze	FI	Toscana	16879000	15.20.1	Fabbricazione di calzature	Fabbricazione di articoli in pelle e simili	02/01/1995	Attiva	630795200	2024	969	salvatore.ferragamo@legalmail.it	SI	SALVATORE FERRAGAMO S.P.A.	VIA TORNABUONI 2 50123 FIRENZE FI	https://www.aziende.it/salvatore-ferragamo-s-p-a	topaziende.quotidiano.net
484	NEW FDM S.P.A.	01496790880	SI	01496790880	RG	124153	SOCIETA' PER AZIONI	Via Della Tecnologia	97015	Modica	RG	Sicilia	4000000	47.11.02	Commercio al dettaglio non specializzato con prevalenza di altri prodotti alimentari, bevande o tabacchi	Distribuzione alimentare	02/02/2012	Attiva	630478894	2025	165	newfdmspa@legalmail.it	SI	NEW FDM S.P.A	VIA DELLA TECNOLOGIA 97015 MODICA RG	https://www.aziende.it/new-fdm-s-p-a	aziende.it
485	HUMANITAS MIRASOLE S.P.A.	10125410158	SI	10125410158		1352145	Societa' per Azioni	Via Alessandro Manzoni 56	20089	Rozzano	MI	Lombardia	13840000	86.1	Attivita' ospedaliere	Assistenza sanitaria	27/07/1990	Attiva	628374534	2024	3092		NO			https://www.ufficiocamerale.it/8534/humanitas-mirasole-spa	topaziende.quotidiano.net
486	F.LLI DE CECCO DI FILIPPO-FARA SAN MARTINO-S.P.A.	00628450694	SI	00628450694	CH	72406	SOCIETA' PER AZIONI	Via F De Cecco N 1	66015	Fara San Martino	CH	Abruzzo	21444960	10.73	Produzione di paste alimentari, di cuscus e di prodotti farinacei simili	Pasta alimentare	05/08/1987	Attiva	628342215	2025	588	dececco@pec.dececco.it	SI	F.LLI DE CECCO DI FILIPPO-FARA SAN MARTINO-SPA	VIA F DE CECCO N 1 66015 FARA SAN MARTINO CH	https://www.aziende.it/f-lli-de-cecco-di-filippo-fara-san-martino	aziende.it
487	VERTIV S.R.L.	00230510281	SI	00230510281	PD	112871	Società a Responsabilità Limitata	Via Leonardo Da Vinci 16/18	35028	Piove di Sacco	PD	Veneto	8750000	28.99.99	Fabbricazione di altre macchine ed attrezzature per impieghi speciali nca (incluse parti e accessori)	Fabbricazione di altre macchine ed attrezzature per impieghi speciali nca (incluse parti e accessori)	01/07/1971	Attiva	624946537	2024	776	vertivsrl@legalmail.it	SI	VERTIV S.R.L.	VIA LEONARDO DA VINCI 16/18 35028 PIOVE DI SACCO PD	https://www.aziende.it/vertiv-s-r-l	aziende.it
488	SAIC MOTOR ITALY S.R.L.	11410620964	SI	11410620964	MI	2600613	SOCIETA' A RESPONSABILITA' LIMITATA	Via Manfredo Camperio N 14	20123	Milano	MI	Lombardia	500000	46.71.1	Commercio all'ingrosso di automobili e autoveicoli leggeri	Commercio di autoveicoli e motocicli	25/09/2020	Attiva	624555404	2024	41	mgmotoritalysrl@legalmail.it	SI	SAIC MOTOR ITALY S.R.L.	VIA MANFREDO CAMPERIO N 14, 20123 MILANO MI	https://www.aziende.it/saic-motor-italy-s-r-l	topaziende.quotidiano.net
489	YVES SAINT LAURENT MANIFATTURE S.R.L.	06196900481	SI	06196900481	FI	608797	SOCIETA' A RESPONSABILITA' LIMITATA	Via Pantin 1	50018	Scandicci	FI	Toscana	204000	15.12	Fabbricazione di articoli da viaggio, borse e simili, pelletteria e selleria	Fabbricazione di articoli da viaggio, borse	01/01/2013	Attiva	623503694	2024	668	ysllogistica@inpec.it	SI	YVES SAINT LAURENT MANIFATTURE S.R.L.	VIA PANTIN 1 50018 SCANDICCI FI	https://www.aziende.it/yves-saint-laurent-manifatture-s-r-l	topaziende.quotidiano.net
490	DS SMITH PACKAGING ITALIA S.P.A.	12614920150	SI		MI	1113112	SOCIETA' PER AZIONI	Via Torri Bianche 24	20871	Vimercate	MB	Lombardia	9030000	17.21	Fabbricazione di carta e cartone ondulato e di imballaggi di carta e cartone	Fabbricazione di carta ondulata e imballaggi	22/02/2002	Attiva	621228769	2024	1379	italia.pec@dssmith.legalmail.it	SI	DS SMITH PACKAGING ITALIA SPA	VIA TORRI BIANCHE 24 20871 VIMERCATE MB	https://www.aziende.it/ds-smith-packaging-italia-s-p-a	topaziende.quotidiano.net
491	MERLO S.P.A.. IND. METALMECCANICA	03078670043	SI	03078670043		260677	Societa' per Azioni	Via Nazionale 9 Fr San Defendente	12010	Cervasca	CN	Piemonte	15000005	28.22.09	Fabbricazione di altre macchine e apparecchi di sollevamento e movimentazione	Macchine per il sollevamento	16/03/2006	Attiva	619696760	2024	1143	merlospa.securemail@pec.it	SI	MERLO SPA IND. METALMECCANICA	VIA NAZIONALE 9 FR SAN DEFENDENTE, 12010 CERVASCA CN	https://www.aziende.it/merlo-s-p-a-industria-metalmeccanica-in-form	aziende.it
492	TECHNOGYM S.P.A.	06250230965	SI	06250230965	FO	315187	SOCIETA' PER AZIONI	Via Calcinaro 2861	47521	Cesena	FC	Emilia-Romagna	10066375	26.60.02	Fabbricazione di apparecchi elettromedicali (incluse parti staccate e accessori)	Fabbricazione di computer e prodotti di elettronica	01/07/2008	Attiva	618949753	2024	940	technogym.amministrazione@legalmail.it	SI	TECHNOGYM S.P.A.	VIA CALCINARO 2861 47521 CESENA FC	https://www.aziende.it/technogym-s-p-a	topaziende.quotidiano.net
493	REKEEP S.P.A.	02402671206	SI	02402671206	BO	436919	SOCIETA' PER AZIONI	Via Ubaldo Poli 4	40069	Zola Predosa	BO	Emilia-Romagna	109149600	81.1	SERVIZI INTEGRATI DI GESTIONE AGLI EDIFICI	Attivita di servizi per edifici e paesaggio	30/12/2003	Attiva	618706337	2024	7156	rekeep@pec.rekeep.com	SI	REKEEP S.P.A.	VIA UBALDO POLI 4 40069 ZOLA PREDOSA BO	https://www.aziende.it/rekeep-s-p-a	topaziende.quotidiano.net
494	DSV S.P.A.	00891230153	SI	00891230153	MI	132	SOCIETA' PER AZIONI	Via Dante Alighieri 134	20096	Pioltello	MI	Lombardia	40000000	52.26	Altre attivita' di supporto ai trasporti	Magazzinaggio e attivita di supporto ai trasporti	21/01/1907	Attiva	618129848	2024	701	amministrazione.centrale@pec.saima.it	SI	DSV S.P.A.	VIA DANTE ALIGHIERI 134 20096 PIOLTELLO MI	https://www.aziende.it/dsv-s-p-a	topaziende.quotidiano.net
495	POLYNT S.P.A.	04902660960	SI	04902660960	BG	383079	SOCIETA' PER AZIONI	Via E Fermi N 51	24020	Scanzorosciate	BG	Lombardia	23599698	20.14	Fabbricazione di altri prodotti chimici di base organici	Fabbricazione di prodotti chimici organici	01/09/2008	Attiva	617323089	2024	947	polynt@legalmail.it	SI	POLYNT S.P.A.	VIA E FERMI N 51 24020 SCANZOROSCIATE BG	https://www.aziende.it/polynt-s-p-a	topaziende.quotidiano.net
496	ARROW ELECTRONICS ITALIA S.R.L.	00751300153	SI		MI	449834	SOCIETA' A RESPONSABILITA' LIMITATA	Viale Piero E Alberto Pirelli 10	20126	Milano	MI	Lombardia	15948200	46.50.2	Commercio all'ingrosso di apparecchiature per telecomunicazioni	Commercio all'ingrosso di apparecchiature elettroniche	14/09/1989	Attiva	615373603	2024	313	silverstar@arubapec.it	SI	ARROW ELECTRONICS ITALIA S.R.L.	VIALE PIERO E ALBERTO PIRELLI 10 20126 MILANO MI	https://www.aziende.it/arrow-electronics-italia-s-r-l	topaziende.quotidiano.net
497	SOLVAY CHIMICA ITALIA S.P.A.	00104340492	SI	00104340492		45532	Societa' per Azioni	Via Piave N 6	57016	Rosignano Marittimo	LI	Toscana	13322400	20.13	Fabbricazione di altri prodotti chimici di base inorganici	Fabbricazione di prodotti chimici di base inorganici	31/07/1970	Attiva	614858686	2024	594	solvay.rosignano@pec.it	SI	SOLVAY CHIMICA ITALIA S.P.A.	VIA PIAVE N 6 57016 ROSIGNANO MARITTIMO LI	https://www.aziende.it/solvay-chimica-italia-spa	topaziende.quotidiano.net
498	PRIX QUALITY S.P.A.	03195090240	SI	03195090240	VI	306209	SOCIETÀ PER AZIONI	Via Del Lavoro 3	36040	Grisignano di Zocco	VI	Veneto	5100000	47.11.02	Commercio al dettaglio non specializzato con prevalenza di altri prodotti alimentari, bevande o tabacchi	Commercio al dettaglio non specializzato con prevalenza di altri prodotti alimentari, bevande o tabacchi	06/12/2004	Attiva	614713945	2024	1980	prixquality@pec.prixquality.com	SI	PRIX QUALITY SPA	VIA DEL LAVORO 3 36040 GRISIGNANO DI ZOCCO VI	https://www.aziende.it/prix-quality-spa	aziende.it
499	ISTITUTO POLIGRAFICO E ZECCA DELLO STATO - SOCIETA' PER AZIONI IN BREVE IPZS S.P.A.	00880711007	SI	00399810589		86629	Societa' per Azioni	Via Salaria 691	00138	Roma	RM	Lazio	340000000	18.12	Altra stampa	Stampa e conio	06/12/1928	Attiva	613371680	2024			SI	ISTITUTO POLIGRAFICO E ZECCA DELLO STATO - SOCIETA' PER AZIO	VIA SALARIA 691 00138 ROMA RM	https://www.ufficiocamerale.it/8399/istituto-poligrafico-e-zecca-dello-stato-societa-per-azioni-in-breve-ipzs-spa	aziende.it
500	DAIKIN AIR CONDITIONING ITALY S.P.A.	03667970283	SI	03667970283	MI	1677258	SOCIETA' PER AZIONI	Via Giuseppe Ripamonti 85	20141	Milano	MI	Lombardia	10000000	46.84.2	Commercio all'ingrosso di apparecchi e accessori per impianti idraulici e di riscaldamento	Commercio di apparecchi per impianti di riscaldamento	20/10/2001	Attiva	613239595	2024	286	fad@pec.daikin.it	SI	DAIKIN AIR CONDITIONING ITALY S.P.A.	VIA GIUSEPPE RIPAMONTI 85 20141 MILANO MI	https://www.aziende.it/daikin-air-conditioning-italy-s-p-a	topaziende.quotidiano.net
